alpha,m,obs_length,cells,periodic,rate
#seed,20265928,,,,
0.01,0.3,8,1000,0,0
0.01,0.3,9,1000,0,0
0.01,0.3,10,1000,0,0
0.01,0.3,11,1000,0,0
0.01,0.3,12,1000,0,0
0.01,0.3,13,1000,0,0
0.01,0.3,14,1000,0,0
0.01,0.3,15,1000,0,0
0.01,0.3,16,1000,0,0
0.01,0.3,17,1000,0,0
0.01,0.3,18,1000,0,0
0.01,0.3,19,1000,0,0
0.01,0.3,20,1000,0,0
0.01,0.3,21,1000,0,0
0.01,0.3,22,1000,0,0
0.01,0.3,23,1000,0,0
0.01,0.3,24,1000,0,0
0.01,0.3,25,1000,0,0
0.01,0.3,26,1000,0,0
0.01,0.3,27,1000,0,0
0.01,0.3,28,1000,0,0
0.01,0.3,29,1000,0,0
0.01,0.3,30,1000,0,0
0.01,0.3,31,1000,0,0
0.01,0.3,32,1000,0,0
0.01,0.3,33,1000,0,0
0.01,0.3,34,1000,0,0
0.01,0.3,35,1000,0,0
0.01,0.3,36,1000,0,0
0.01,0.3,37,1000,0,0
0.01,0.3,38,1000,0,0
0.01,0.3,39,1000,0,0
0.01,0.3,40,1000,0,0
0.01,0.3,41,1000,0,0
0.01,0.3,42,1000,0,0
0.01,0.3,43,1000,0,0
0.01,0.3,44,1000,0,0
0.01,0.3,45,1000,0,0
0.01,0.3,46,1000,0,0
0.01,0.3,47,1000,0,0
0.01,0.3,48,1000,0,0
0.01,0.3,49,1000,0,0
0.01,0.3,50,1000,0,0
0.01,0.3,51,1000,0,0
0.01,0.3,52,1000,0,0
0.01,0.3,53,1000,0,0
0.01,0.3,54,1000,0,0
0.01,0.3,55,1000,0,0
0.01,0.3,56,1000,0,0
0.01,0.3,57,1000,0,0
0.01,0.3,58,1000,0,0
0.01,0.3,59,1000,0,0
0.01,0.3,60,1000,0,0
0.01,0.3,61,1000,0,0
0.01,0.3,62,1000,0,0
0.01,0.3,63,1000,0,0
0.01,0.3,64,1000,0,0
0.01,0.3,65,1000,0,0
0.01,0.3,66,1000,0,0
0.01,0.3,67,1000,0,0
0.01,0.3,68,1000,0,0
0.01,0.3,69,1000,0,0
0.01,0.3,70,1000,0,0
0.01,0.3,71,1000,0,0
0.01,0.3,72,1000,1,0.001
0.01,0.3,73,1000,0,0
0.01,0.3,74,1000,0,0
0.01,0.3,75,1000,0,0
0.01,0.3,76,1000,0,0
0.01,0.3,77,1000,0,0
0.01,0.3,78,1000,0,0
0.01,0.3,79,1000,0,0
0.01,0.3,80,1000,0,0
0.01,0.3,81,1000,0,0
0.01,0.3,82,1000,0,0
0.01,0.3,83,1000,0,0
0.01,0.3,84,1000,0,0
0.01,0.3,85,1000,0,0
0.01,0.3,86,1000,0,0
0.01,0.3,87,1000,0,0
0.01,0.3,88,1000,0,0
0.01,0.3,89,1000,0,0
0.01,0.3,90,1000,1,0.001
0.01,0.3,91,1000,0,0
0.01,0.3,92,1000,0,0
0.01,0.3,93,1000,0,0
0.01,0.3,94,1000,1,0.001
0.01,0.3,95,1000,0,0
0.01,0.3,96,1000,0,0
0.01,0.3,97,1000,1,0.001
0.01,0.3,98,1000,1,0.001
0.01,0.3,99,1000,1,0.001
0.01,0.3,100,1000,1,0.001
0.01,0.5,8,1000,0,0
0.01,0.5,9,1000,0,0
0.01,0.5,10,1000,0,0
0.01,0.5,11,1000,0,0
0.01,0.5,12,1000,0,0
0.01,0.5,13,1000,0,0
0.01,0.5,14,1000,0,0
0.01,0.5,15,1000,0,0
0.01,0.5,16,1000,0,0
0.01,0.5,17,1000,0,0
0.01,0.5,18,1000,0,0
0.01,0.5,19,1000,0,0
0.01,0.5,20,1000,0,0
0.01,0.5,21,1000,0,0
0.01,0.5,22,1000,0,0
0.01,0.5,23,1000,0,0
0.01,0.5,24,1000,0,0
0.01,0.5,25,1000,0,0
0.01,0.5,26,1000,0,0
0.01,0.5,27,1000,0,0
0.01,0.5,28,1000,0,0
0.01,0.5,29,1000,0,0
0.01,0.5,30,1000,0,0
0.01,0.5,31,1000,0,0
0.01,0.5,32,1000,0,0
0.01,0.5,33,1000,0,0
0.01,0.5,34,1000,0,0
0.01,0.5,35,1000,0,0
0.01,0.5,36,1000,0,0
0.01,0.5,37,1000,0,0
0.01,0.5,38,1000,0,0
0.01,0.5,39,1000,0,0
0.01,0.5,40,1000,0,0
0.01,0.5,41,1000,0,0
0.01,0.5,42,1000,0,0
0.01,0.5,43,1000,0,0
0.01,0.5,44,1000,0,0
0.01,0.5,45,1000,0,0
0.01,0.5,46,1000,0,0
0.01,0.5,47,1000,0,0
0.01,0.5,48,1000,0,0
0.01,0.5,49,1000,0,0
0.01,0.5,50,1000,0,0
0.01,0.5,51,1000,0,0
0.01,0.5,52,1000,0,0
0.01,0.5,53,1000,0,0
0.01,0.5,54,1000,0,0
0.01,0.5,55,1000,0,0
0.01,0.5,56,1000,0,0
0.01,0.5,57,1000,0,0
0.01,0.5,58,1000,0,0
0.01,0.5,59,1000,0,0
0.01,0.5,60,1000,0,0
0.01,0.5,61,1000,0,0
0.01,0.5,62,1000,0,0
0.01,0.5,63,1000,0,0
0.01,0.5,64,1000,0,0
0.01,0.5,65,1000,0,0
0.01,0.5,66,1000,0,0
0.01,0.5,67,1000,0,0
0.01,0.5,68,1000,0,0
0.01,0.5,69,1000,0,0
0.01,0.5,70,1000,0,0
0.01,0.5,71,1000,0,0
0.01,0.5,72,1000,0,0
0.01,0.5,73,1000,0,0
0.01,0.5,74,1000,0,0
0.01,0.5,75,1000,0,0
0.01,0.5,76,1000,0,0
0.01,0.5,77,1000,0,0
0.01,0.5,78,1000,0,0
0.01,0.5,79,1000,0,0
0.01,0.5,80,1000,0,0
0.01,0.5,81,1000,0,0
0.01,0.5,82,1000,0,0
0.01,0.5,83,1000,0,0
0.01,0.5,84,1000,0,0
0.01,0.5,85,1000,0,0
0.01,0.5,86,1000,0,0
0.01,0.5,87,1000,0,0
0.01,0.5,88,1000,0,0
0.01,0.5,89,1000,0,0
0.01,0.5,90,1000,0,0
0.01,0.5,91,1000,0,0
0.01,0.5,92,1000,0,0
0.01,0.5,93,1000,0,0
0.01,0.5,94,1000,0,0
0.01,0.5,95,1000,0,0
0.01,0.5,96,1000,0,0
0.01,0.5,97,1000,0,0
0.01,0.5,98,1000,0,0
0.01,0.5,99,1000,0,0
0.01,0.5,100,1000,0,0
0.01,0.7,8,1000,0,0
0.01,0.7,9,1000,0,0
0.01,0.7,10,1000,0,0
0.01,0.7,11,1000,0,0
0.01,0.7,12,1000,0,0
0.01,0.7,13,1000,0,0
0.01,0.7,14,1000,0,0
0.01,0.7,15,1000,0,0
0.01,0.7,16,1000,0,0
0.01,0.7,17,1000,0,0
0.01,0.7,18,1000,0,0
0.01,0.7,19,1000,0,0
0.01,0.7,20,1000,0,0
0.01,0.7,21,1000,0,0
0.01,0.7,22,1000,0,0
0.01,0.7,23,1000,0,0
0.01,0.7,24,1000,0,0
0.01,0.7,25,1000,0,0
0.01,0.7,26,1000,0,0
0.01,0.7,27,1000,0,0
0.01,0.7,28,1000,0,0
0.01,0.7,29,1000,0,0
0.01,0.7,30,1000,0,0
0.01,0.7,31,1000,0,0
0.01,0.7,32,1000,0,0
0.01,0.7,33,1000,0,0
0.01,0.7,34,1000,0,0
0.01,0.7,35,1000,0,0
0.01,0.7,36,1000,0,0
0.01,0.7,37,1000,0,0
0.01,0.7,38,1000,0,0
0.01,0.7,39,1000,0,0
0.01,0.7,40,1000,0,0
0.01,0.7,41,1000,0,0
0.01,0.7,42,1000,0,0
0.01,0.7,43,1000,0,0
0.01,0.7,44,1000,0,0
0.01,0.7,45,1000,0,0
0.01,0.7,46,1000,0,0
0.01,0.7,47,1000,0,0
0.01,0.7,48,1000,0,0
0.01,0.7,49,1000,0,0
0.01,0.7,50,1000,0,0
0.01,0.7,51,1000,0,0
0.01,0.7,52,1000,0,0
0.01,0.7,53,1000,0,0
0.01,0.7,54,1000,0,0
0.01,0.7,55,1000,0,0
0.01,0.7,56,1000,0,0
0.01,0.7,57,1000,0,0
0.01,0.7,58,1000,0,0
0.01,0.7,59,1000,0,0
0.01,0.7,60,1000,0,0
0.01,0.7,61,1000,0,0
0.01,0.7,62,1000,0,0
0.01,0.7,63,1000,0,0
0.01,0.7,64,1000,0,0
0.01,0.7,65,1000,0,0
0.01,0.7,66,1000,0,0
0.01,0.7,67,1000,0,0
0.01,0.7,68,1000,0,0
0.01,0.7,69,1000,0,0
0.01,0.7,70,1000,0,0
0.01,0.7,71,1000,0,0
0.01,0.7,72,1000,0,0
0.01,0.7,73,1000,0,0
0.01,0.7,74,1000,0,0
0.01,0.7,75,1000,0,0
0.01,0.7,76,1000,0,0
0.01,0.7,77,1000,0,0
0.01,0.7,78,1000,0,0
0.01,0.7,79,1000,0,0
0.01,0.7,80,1000,0,0
0.01,0.7,81,1000,0,0
0.01,0.7,82,1000,0,0
0.01,0.7,83,1000,0,0
0.01,0.7,84,1000,0,0
0.01,0.7,85,1000,0,0
0.01,0.7,86,1000,0,0
0.01,0.7,87,1000,0,0
0.01,0.7,88,1000,0,0
0.01,0.7,89,1000,0,0
0.01,0.7,90,1000,0,0
0.01,0.7,91,1000,0,0
0.01,0.7,92,1000,0,0
0.01,0.7,93,1000,0,0
0.01,0.7,94,1000,0,0
0.01,0.7,95,1000,0,0
0.01,0.7,96,1000,0,0
0.01,0.7,97,1000,0,0
0.01,0.7,98,1000,0,0
0.01,0.7,99,1000,0,0
0.01,0.7,100,1000,0,0
0.02,0.3,8,1000,0,0
0.02,0.3,9,1000,0,0
0.02,0.3,10,1000,0,0
0.02,0.3,11,1000,0,0
0.02,0.3,12,1000,0,0
0.02,0.3,13,1000,0,0
0.02,0.3,14,1000,0,0
0.02,0.3,15,1000,0,0
0.02,0.3,16,1000,0,0
0.02,0.3,17,1000,0,0
0.02,0.3,18,1000,0,0
0.02,0.3,19,1000,0,0
0.02,0.3,20,1000,0,0
0.02,0.3,21,1000,0,0
0.02,0.3,22,1000,0,0
0.02,0.3,23,1000,0,0
0.02,0.3,24,1000,0,0
0.02,0.3,25,1000,0,0
0.02,0.3,26,1000,0,0
0.02,0.3,27,1000,0,0
0.02,0.3,28,1000,0,0
0.02,0.3,29,1000,0,0
0.02,0.3,30,1000,0,0
0.02,0.3,31,1000,0,0
0.02,0.3,32,1000,0,0
0.02,0.3,33,1000,0,0
0.02,0.3,34,1000,0,0
0.02,0.3,35,1000,0,0
0.02,0.3,36,1000,0,0
0.02,0.3,37,1000,0,0
0.02,0.3,38,1000,0,0
0.02,0.3,39,1000,0,0
0.02,0.3,40,1000,0,0
0.02,0.3,41,1000,0,0
0.02,0.3,42,1000,0,0
0.02,0.3,43,1000,0,0
0.02,0.3,44,1000,0,0
0.02,0.3,45,1000,0,0
0.02,0.3,46,1000,0,0
0.02,0.3,47,1000,1,0.001
0.02,0.3,48,1000,0,0
0.02,0.3,49,1000,0,0
0.02,0.3,50,1000,0,0
0.02,0.3,51,1000,0,0
0.02,0.3,52,1000,0,0
0.02,0.3,53,1000,1,0.001
0.02,0.3,54,1000,1,0.001
0.02,0.3,55,1000,0,0
0.02,0.3,56,1000,0,0
0.02,0.3,57,1000,0,0
0.02,0.3,58,1000,0,0
0.02,0.3,59,1000,0,0
0.02,0.3,60,1000,0,0
0.02,0.3,61,1000,0,0
0.02,0.3,62,1000,0,0
0.02,0.3,63,1000,0,0
0.02,0.3,64,1000,0,0
0.02,0.3,65,1000,0,0
0.02,0.3,66,1000,0,0
0.02,0.3,67,1000,0,0
0.02,0.3,68,1000,0,0
0.02,0.3,69,1000,1,0.001
0.02,0.3,70,1000,1,0.001
0.02,0.3,71,1000,1,0.001
0.02,0.3,72,1000,1,0.001
0.02,0.3,73,1000,0,0
0.02,0.3,74,1000,0,0
0.02,0.3,75,1000,0,0
0.02,0.3,76,1000,0,0
0.02,0.3,77,1000,0,0
0.02,0.3,78,1000,1,0.001
0.02,0.3,79,1000,0,0
0.02,0.3,80,1000,0,0
0.02,0.3,81,1000,0,0
0.02,0.3,82,1000,0,0
0.02,0.3,83,1000,0,0
0.02,0.3,84,1000,0,0
0.02,0.3,85,1000,0,0
0.02,0.3,86,1000,0,0
0.02,0.3,87,1000,0,0
0.02,0.3,88,1000,1,0.001
0.02,0.3,89,1000,1,0.001
0.02,0.3,90,1000,1,0.001
0.02,0.3,91,1000,0,0
0.02,0.3,92,1000,1,0.001
0.02,0.3,93,1000,1,0.001
0.02,0.3,94,1000,1,0.001
0.02,0.3,95,1000,1,0.001
0.02,0.3,96,1000,1,0.001
0.02,0.3,97,1000,1,0.001
0.02,0.3,98,1000,1,0.001
0.02,0.3,99,1000,2,0.002
0.02,0.3,100,1000,1,0.001
0.02,0.5,8,1000,0,0
0.02,0.5,9,1000,0,0
0.02,0.5,10,1000,0,0
0.02,0.5,11,1000,0,0
0.02,0.5,12,1000,0,0
0.02,0.5,13,1000,0,0
0.02,0.5,14,1000,0,0
0.02,0.5,15,1000,0,0
0.02,0.5,16,1000,0,0
0.02,0.5,17,1000,0,0
0.02,0.5,18,1000,0,0
0.02,0.5,19,1000,0,0
0.02,0.5,20,1000,0,0
0.02,0.5,21,1000,0,0
0.02,0.5,22,1000,0,0
0.02,0.5,23,1000,0,0
0.02,0.5,24,1000,0,0
0.02,0.5,25,1000,0,0
0.02,0.5,26,1000,0,0
0.02,0.5,27,1000,0,0
0.02,0.5,28,1000,0,0
0.02,0.5,29,1000,0,0
0.02,0.5,30,1000,0,0
0.02,0.5,31,1000,0,0
0.02,0.5,32,1000,0,0
0.02,0.5,33,1000,0,0
0.02,0.5,34,1000,0,0
0.02,0.5,35,1000,0,0
0.02,0.5,36,1000,0,0
0.02,0.5,37,1000,0,0
0.02,0.5,38,1000,0,0
0.02,0.5,39,1000,0,0
0.02,0.5,40,1000,0,0
0.02,0.5,41,1000,0,0
0.02,0.5,42,1000,0,0
0.02,0.5,43,1000,0,0
0.02,0.5,44,1000,0,0
0.02,0.5,45,1000,0,0
0.02,0.5,46,1000,0,0
0.02,0.5,47,1000,0,0
0.02,0.5,48,1000,0,0
0.02,0.5,49,1000,0,0
0.02,0.5,50,1000,0,0
0.02,0.5,51,1000,0,0
0.02,0.5,52,1000,0,0
0.02,0.5,53,1000,0,0
0.02,0.5,54,1000,0,0
0.02,0.5,55,1000,0,0
0.02,0.5,56,1000,0,0
0.02,0.5,57,1000,0,0
0.02,0.5,58,1000,0,0
0.02,0.5,59,1000,0,0
0.02,0.5,60,1000,0,0
0.02,0.5,61,1000,0,0
0.02,0.5,62,1000,0,0
0.02,0.5,63,1000,0,0
0.02,0.5,64,1000,0,0
0.02,0.5,65,1000,0,0
0.02,0.5,66,1000,0,0
0.02,0.5,67,1000,0,0
0.02,0.5,68,1000,0,0
0.02,0.5,69,1000,1,0.001
0.02,0.5,70,1000,1,0.001
0.02,0.5,71,1000,1,0.001
0.02,0.5,72,1000,0,0
0.02,0.5,73,1000,0,0
0.02,0.5,74,1000,0,0
0.02,0.5,75,1000,0,0
0.02,0.5,76,1000,0,0
0.02,0.5,77,1000,0,0
0.02,0.5,78,1000,0,0
0.02,0.5,79,1000,0,0
0.02,0.5,80,1000,0,0
0.02,0.5,81,1000,0,0
0.02,0.5,82,1000,0,0
0.02,0.5,83,1000,0,0
0.02,0.5,84,1000,0,0
0.02,0.5,85,1000,0,0
0.02,0.5,86,1000,0,0
0.02,0.5,87,1000,0,0
0.02,0.5,88,1000,0,0
0.02,0.5,89,1000,0,0
0.02,0.5,90,1000,0,0
0.02,0.5,91,1000,0,0
0.02,0.5,92,1000,0,0
0.02,0.5,93,1000,0,0
0.02,0.5,94,1000,0,0
0.02,0.5,95,1000,0,0
0.02,0.5,96,1000,0,0
0.02,0.5,97,1000,0,0
0.02,0.5,98,1000,0,0
0.02,0.5,99,1000,0,0
0.02,0.5,100,1000,0,0
0.02,0.7,8,1000,0,0
0.02,0.7,9,1000,0,0
0.02,0.7,10,1000,0,0
0.02,0.7,11,1000,0,0
0.02,0.7,12,1000,0,0
0.02,0.7,13,1000,0,0
0.02,0.7,14,1000,0,0
0.02,0.7,15,1000,0,0
0.02,0.7,16,1000,0,0
0.02,0.7,17,1000,0,0
0.02,0.7,18,1000,0,0
0.02,0.7,19,1000,0,0
0.02,0.7,20,1000,0,0
0.02,0.7,21,1000,0,0
0.02,0.7,22,1000,0,0
0.02,0.7,23,1000,0,0
0.02,0.7,24,1000,0,0
0.02,0.7,25,1000,0,0
0.02,0.7,26,1000,0,0
0.02,0.7,27,1000,0,0
0.02,0.7,28,1000,0,0
0.02,0.7,29,1000,0,0
0.02,0.7,30,1000,0,0
0.02,0.7,31,1000,0,0
0.02,0.7,32,1000,0,0
0.02,0.7,33,1000,0,0
0.02,0.7,34,1000,0,0
0.02,0.7,35,1000,0,0
0.02,0.7,36,1000,0,0
0.02,0.7,37,1000,0,0
0.02,0.7,38,1000,0,0
0.02,0.7,39,1000,0,0
0.02,0.7,40,1000,0,0
0.02,0.7,41,1000,1,0.001
0.02,0.7,42,1000,1,0.001
0.02,0.7,43,1000,1,0.001
0.02,0.7,44,1000,0,0
0.02,0.7,45,1000,0,0
0.02,0.7,46,1000,0,0
0.02,0.7,47,1000,0,0
0.02,0.7,48,1000,0,0
0.02,0.7,49,1000,0,0
0.02,0.7,50,1000,0,0
0.02,0.7,51,1000,0,0
0.02,0.7,52,1000,0,0
0.02,0.7,53,1000,0,0
0.02,0.7,54,1000,0,0
0.02,0.7,55,1000,0,0
0.02,0.7,56,1000,0,0
0.02,0.7,57,1000,0,0
0.02,0.7,58,1000,0,0
0.02,0.7,59,1000,0,0
0.02,0.7,60,1000,0,0
0.02,0.7,61,1000,0,0
0.02,0.7,62,1000,0,0
0.02,0.7,63,1000,0,0
0.02,0.7,64,1000,0,0
0.02,0.7,65,1000,0,0
0.02,0.7,66,1000,0,0
0.02,0.7,67,1000,0,0
0.02,0.7,68,1000,0,0
0.02,0.7,69,1000,0,0
0.02,0.7,70,1000,0,0
0.02,0.7,71,1000,0,0
0.02,0.7,72,1000,0,0
0.02,0.7,73,1000,0,0
0.02,0.7,74,1000,0,0
0.02,0.7,75,1000,0,0
0.02,0.7,76,1000,0,0
0.02,0.7,77,1000,0,0
0.02,0.7,78,1000,0,0
0.02,0.7,79,1000,0,0
0.02,0.7,80,1000,0,0
0.02,0.7,81,1000,0,0
0.02,0.7,82,1000,0,0
0.02,0.7,83,1000,0,0
0.02,0.7,84,1000,0,0
0.02,0.7,85,1000,0,0
0.02,0.7,86,1000,1,0.001
0.02,0.7,87,1000,1,0.001
0.02,0.7,88,1000,1,0.001
0.02,0.7,89,1000,0,0
0.02,0.7,90,1000,0,0
0.02,0.7,91,1000,0,0
0.02,0.7,92,1000,0,0
0.02,0.7,93,1000,1,0.001
0.02,0.7,94,1000,0,0
0.02,0.7,95,1000,0,0
0.02,0.7,96,1000,0,0
0.02,0.7,97,1000,0,0
0.02,0.7,98,1000,0,0
0.02,0.7,99,1000,0,0
0.02,0.7,100,1000,0,0
0.05,0.3,8,1000,0,0
0.05,0.3,9,1000,0,0
0.05,0.3,10,1000,0,0
0.05,0.3,11,1000,0,0
0.05,0.3,12,1000,0,0
0.05,0.3,13,1000,0,0
0.05,0.3,14,1000,0,0
0.05,0.3,15,1000,0,0
0.05,0.3,16,1000,0,0
0.05,0.3,17,1000,0,0
0.05,0.3,18,1000,0,0
0.05,0.3,19,1000,0,0
0.05,0.3,20,1000,0,0
0.05,0.3,21,1000,0,0
0.05,0.3,22,1000,0,0
0.05,0.3,23,1000,0,0
0.05,0.3,24,1000,0,0
0.05,0.3,25,1000,0,0
0.05,0.3,26,1000,0,0
0.05,0.3,27,1000,0,0
0.05,0.3,28,1000,0,0
0.05,0.3,29,1000,0,0
0.05,0.3,30,1000,0,0
0.05,0.3,31,1000,0,0
0.05,0.3,32,1000,1,0.001
0.05,0.3,33,1000,2,0.002
0.05,0.3,34,1000,2,0.002
0.05,0.3,35,1000,0,0
0.05,0.3,36,1000,0,0
0.05,0.3,37,1000,0,0
0.05,0.3,38,1000,2,0.002
0.05,0.3,39,1000,1,0.001
0.05,0.3,40,1000,1,0.001
0.05,0.3,41,1000,1,0.001
0.05,0.3,42,1000,0,0
0.05,0.3,43,1000,2,0.002
0.05,0.3,44,1000,1,0.001
0.05,0.3,45,1000,1,0.001
0.05,0.3,46,1000,2,0.002
0.05,0.3,47,1000,2,0.002
0.05,0.3,48,1000,1,0.001
0.05,0.3,49,1000,2,0.002
0.05,0.3,50,1000,1,0.001
0.05,0.3,51,1000,2,0.002
0.05,0.3,52,1000,1,0.001
0.05,0.3,53,1000,1,0.001
0.05,0.3,54,1000,1,0.001
0.05,0.3,55,1000,1,0.001
0.05,0.3,56,1000,1,0.001
0.05,0.3,57,1000,0,0
0.05,0.3,58,1000,1,0.001
0.05,0.3,59,1000,1,0.001
0.05,0.3,60,1000,0,0
0.05,0.3,61,1000,1,0.001
0.05,0.3,62,1000,2,0.002
0.05,0.3,63,1000,2,0.002
0.05,0.3,64,1000,2,0.002
0.05,0.3,65,1000,1,0.001
0.05,0.3,66,1000,1,0.001
0.05,0.3,67,1000,1,0.001
0.05,0.3,68,1000,2,0.002
0.05,0.3,69,1000,2,0.002
0.05,0.3,70,1000,3,0.003
0.05,0.3,71,1000,3,0.003
0.05,0.3,72,1000,2,0.002
0.05,0.3,73,1000,3,0.003
0.05,0.3,74,1000,3,0.003
0.05,0.3,75,1000,2,0.002
0.05,0.3,76,1000,2,0.002
0.05,0.3,77,1000,1,0.001
0.05,0.3,78,1000,1,0.001
0.05,0.3,79,1000,1,0.001
0.05,0.3,80,1000,1,0.001
0.05,0.3,81,1000,2,0.002
0.05,0.3,82,1000,2,0.002
0.05,0.3,83,1000,1,0.001
0.05,0.3,84,1000,1,0.001
0.05,0.3,85,1000,0,0
0.05,0.3,86,1000,1,0.001
0.05,0.3,87,1000,1,0.001
0.05,0.3,88,1000,1,0.001
0.05,0.3,89,1000,1,0.001
0.05,0.3,90,1000,2,0.002
0.05,0.3,91,1000,2,0.002
0.05,0.3,92,1000,1,0.001
0.05,0.3,93,1000,1,0.001
0.05,0.3,94,1000,2,0.002
0.05,0.3,95,1000,1,0.001
0.05,0.3,96,1000,1,0.001
0.05,0.3,97,1000,2,0.002
0.05,0.3,98,1000,2,0.002
0.05,0.3,99,1000,3,0.003
0.05,0.3,100,1000,2,0.002
0.05,0.5,8,1000,0,0
0.05,0.5,9,1000,0,0
0.05,0.5,10,1000,0,0
0.05,0.5,11,1000,0,0
0.05,0.5,12,1000,0,0
0.05,0.5,13,1000,0,0
0.05,0.5,14,1000,0,0
0.05,0.5,15,1000,0,0
0.05,0.5,16,1000,0,0
0.05,0.5,17,1000,0,0
0.05,0.5,18,1000,0,0
0.05,0.5,19,1000,0,0
0.05,0.5,20,1000,0,0
0.05,0.5,21,1000,0,0
0.05,0.5,22,1000,0,0
0.05,0.5,23,1000,0,0
0.05,0.5,24,1000,0,0
0.05,0.5,25,1000,1,0.001
0.05,0.5,26,1000,1,0.001
0.05,0.5,27,1000,0,0
0.05,0.5,28,1000,0,0
0.05,0.5,29,1000,0,0
0.05,0.5,30,1000,1,0.001
0.05,0.5,31,1000,0,0
0.05,0.5,32,1000,0,0
0.05,0.5,33,1000,0,0
0.05,0.5,34,1000,0,0
0.05,0.5,35,1000,0,0
0.05,0.5,36,1000,0,0
0.05,0.5,37,1000,0,0
0.05,0.5,38,1000,0,0
0.05,0.5,39,1000,1,0.001
0.05,0.5,40,1000,0,0
0.05,0.5,41,1000,0,0
0.05,0.5,42,1000,0,0
0.05,0.5,43,1000,0,0
0.05,0.5,44,1000,0,0
0.05,0.5,45,1000,1,0.001
0.05,0.5,46,1000,3,0.003
0.05,0.5,47,1000,3,0.003
0.05,0.5,48,1000,3,0.003
0.05,0.5,49,1000,1,0.001
0.05,0.5,50,1000,1,0.001
0.05,0.5,51,1000,1,0.001
0.05,0.5,52,1000,1,0.001
0.05,0.5,53,1000,1,0.001
0.05,0.5,54,1000,1,0.001
0.05,0.5,55,1000,0,0
0.05,0.5,56,1000,0,0
0.05,0.5,57,1000,1,0.001
0.05,0.5,58,1000,1,0.001
0.05,0.5,59,1000,0,0
0.05,0.5,60,1000,0,0
0.05,0.5,61,1000,1,0.001
0.05,0.5,62,1000,0,0
0.05,0.5,63,1000,1,0.001
0.05,0.5,64,1000,1,0.001
0.05,0.5,65,1000,1,0.001
0.05,0.5,66,1000,3,0.003
0.05,0.5,67,1000,2,0.002
0.05,0.5,68,1000,2,0.002
0.05,0.5,69,1000,1,0.001
0.05,0.5,70,1000,1,0.001
0.05,0.5,71,1000,1,0.001
0.05,0.5,72,1000,1,0.001
0.05,0.5,73,1000,1,0.001
0.05,0.5,74,1000,1,0.001
0.05,0.5,75,1000,1,0.001
0.05,0.5,76,1000,1,0.001
0.05,0.5,77,1000,0,0
0.05,0.5,78,1000,0,0
0.05,0.5,79,1000,0,0
0.05,0.5,80,1000,2,0.002
0.05,0.5,81,1000,0,0
0.05,0.5,82,1000,1,0.001
0.05,0.5,83,1000,0,0
0.05,0.5,84,1000,0,0
0.05,0.5,85,1000,1,0.001
0.05,0.5,86,1000,1,0.001
0.05,0.5,87,1000,1,0.001
0.05,0.5,88,1000,1,0.001
0.05,0.5,89,1000,0,0
0.05,0.5,90,1000,0,0
0.05,0.5,91,1000,0,0
0.05,0.5,92,1000,1,0.001
0.05,0.5,93,1000,1,0.001
0.05,0.5,94,1000,1,0.001
0.05,0.5,95,1000,1,0.001
0.05,0.5,96,1000,0,0
0.05,0.5,97,1000,1,0.001
0.05,0.5,98,1000,1,0.001
0.05,0.5,99,1000,0,0
0.05,0.5,100,1000,0,0
0.05,0.7,8,1000,0,0
0.05,0.7,9,1000,0,0
0.05,0.7,10,1000,0,0
0.05,0.7,11,1000,0,0
0.05,0.7,12,1000,0,0
0.05,0.7,13,1000,0,0
0.05,0.7,14,1000,0,0
0.05,0.7,15,1000,0,0
0.05,0.7,16,1000,0,0
0.05,0.7,17,1000,0,0
0.05,0.7,18,1000,0,0
0.05,0.7,19,1000,0,0
0.05,0.7,20,1000,0,0
0.05,0.7,21,1000,0,0
0.05,0.7,22,1000,0,0
0.05,0.7,23,1000,0,0
0.05,0.7,24,1000,0,0
0.05,0.7,25,1000,0,0
0.05,0.7,26,1000,0,0
0.05,0.7,27,1000,0,0
0.05,0.7,28,1000,0,0
0.05,0.7,29,1000,0,0
0.05,0.7,30,1000,0,0
0.05,0.7,31,1000,0,0
0.05,0.7,32,1000,0,0
0.05,0.7,33,1000,0,0
0.05,0.7,34,1000,0,0
0.05,0.7,35,1000,0,0
0.05,0.7,36,1000,0,0
0.05,0.7,37,1000,1,0.001
0.05,0.7,38,1000,1,0.001
0.05,0.7,39,1000,1,0.001
0.05,0.7,40,1000,1,0.001
0.05,0.7,41,1000,1,0.001
0.05,0.7,42,1000,1,0.001
0.05,0.7,43,1000,1,0.001
0.05,0.7,44,1000,1,0.001
0.05,0.7,45,1000,1,0.001
0.05,0.7,46,1000,0,0
0.05,0.7,47,1000,0,0
0.05,0.7,48,1000,0,0
0.05,0.7,49,1000,1,0.001
0.05,0.7,50,1000,1,0.001
0.05,0.7,51,1000,2,0.002
0.05,0.7,52,1000,1,0.001
0.05,0.7,53,1000,1,0.001
0.05,0.7,54,1000,1,0.001
0.05,0.7,55,1000,0,0
0.05,0.7,56,1000,0,0
0.05,0.7,57,1000,0,0
0.05,0.7,58,1000,0,0
0.05,0.7,59,1000,0,0
0.05,0.7,60,1000,0,0
0.05,0.7,61,1000,0,0
0.05,0.7,62,1000,0,0
0.05,0.7,63,1000,0,0
0.05,0.7,64,1000,0,0
0.05,0.7,65,1000,0,0
0.05,0.7,66,1000,0,0
0.05,0.7,67,1000,0,0
0.05,0.7,68,1000,0,0
0.05,0.7,69,1000,0,0
0.05,0.7,70,1000,0,0
0.05,0.7,71,1000,0,0
0.05,0.7,72,1000,0,0
0.05,0.7,73,1000,0,0
0.05,0.7,74,1000,1,0.001
0.05,0.7,75,1000,0,0
0.05,0.7,76,1000,0,0
0.05,0.7,77,1000,0,0
0.05,0.7,78,1000,1,0.001
0.05,0.7,79,1000,1,0.001
0.05,0.7,80,1000,1,0.001
0.05,0.7,81,1000,1,0.001
0.05,0.7,82,1000,0,0
0.05,0.7,83,1000,0,0
0.05,0.7,84,1000,0,0
0.05,0.7,85,1000,1,0.001
0.05,0.7,86,1000,1,0.001
0.05,0.7,87,1000,1,0.001
0.05,0.7,88,1000,1,0.001
0.05,0.7,89,1000,0,0
0.05,0.7,90,1000,0,0
0.05,0.7,91,1000,0,0
0.05,0.7,92,1000,0,0
0.05,0.7,93,1000,1,0.001
0.05,0.7,94,1000,0,0
0.05,0.7,95,1000,0,0
0.05,0.7,96,1000,0,0
0.05,0.7,97,1000,0,0
0.05,0.7,98,1000,0,0
0.05,0.7,99,1000,0,0
0.05,0.7,100,1000,0,0
0.1,0.3,8,1000,0,0
0.1,0.3,9,1000,0,0
0.1,0.3,10,1000,0,0
0.1,0.3,11,1000,0,0
0.1,0.3,12,1000,0,0
0.1,0.3,13,1000,0,0
0.1,0.3,14,1000,0,0
0.1,0.3,15,1000,0,0
0.1,0.3,16,1000,0,0
0.1,0.3,17,1000,0,0
0.1,0.3,18,1000,0,0
0.1,0.3,19,1000,0,0
0.1,0.3,20,1000,1,0.001
0.1,0.3,21,1000,1,0.001
0.1,0.3,22,1000,0,0
0.1,0.3,23,1000,0,0
0.1,0.3,24,1000,0,0
0.1,0.3,25,1000,0,0
0.1,0.3,26,1000,1,0.001
0.1,0.3,27,1000,2,0.002
0.1,0.3,28,1000,2,0.002
0.1,0.3,29,1000,0,0
0.1,0.3,30,1000,2,0.002
0.1,0.3,31,1000,2,0.002
0.1,0.3,32,1000,2,0.002
0.1,0.3,33,1000,3,0.003
0.1,0.3,34,1000,4,0.004
0.1,0.3,35,1000,4,0.004
0.1,0.3,36,1000,3,0.003
0.1,0.3,37,1000,2,0.002
0.1,0.3,38,1000,2,0.002
0.1,0.3,39,1000,2,0.002
0.1,0.3,40,1000,2,0.002
0.1,0.3,41,1000,4,0.004
0.1,0.3,42,1000,4,0.004
0.1,0.3,43,1000,4,0.004
0.1,0.3,44,1000,3,0.003
0.1,0.3,45,1000,4,0.004
0.1,0.3,46,1000,5,0.005
0.1,0.3,47,1000,5,0.005
0.1,0.3,48,1000,4,0.004
0.1,0.3,49,1000,6,0.006
0.1,0.3,50,1000,7,0.007
0.1,0.3,51,1000,5,0.005
0.1,0.3,52,1000,5,0.005
0.1,0.3,53,1000,4,0.004
0.1,0.3,54,1000,3,0.003
0.1,0.3,55,1000,3,0.003
0.1,0.3,56,1000,4,0.004
0.1,0.3,57,1000,5,0.005
0.1,0.3,58,1000,6,0.006
0.1,0.3,59,1000,4,0.004
0.1,0.3,60,1000,3,0.003
0.1,0.3,61,1000,3,0.003
0.1,0.3,62,1000,5,0.005
0.1,0.3,63,1000,6,0.006
0.1,0.3,64,1000,6,0.006
0.1,0.3,65,1000,6,0.006
0.1,0.3,66,1000,5,0.005
0.1,0.3,67,1000,3,0.003
0.1,0.3,68,1000,3,0.003
0.1,0.3,69,1000,4,0.004
0.1,0.3,70,1000,5,0.005
0.1,0.3,71,1000,4,0.004
0.1,0.3,72,1000,4,0.004
0.1,0.3,73,1000,4,0.004
0.1,0.3,74,1000,3,0.003
0.1,0.3,75,1000,3,0.003
0.1,0.3,76,1000,2,0.002
0.1,0.3,77,1000,2,0.002
0.1,0.3,78,1000,3,0.003
0.1,0.3,79,1000,3,0.003
0.1,0.3,80,1000,3,0.003
0.1,0.3,81,1000,4,0.004
0.1,0.3,82,1000,3,0.003
0.1,0.3,83,1000,3,0.003
0.1,0.3,84,1000,4,0.004
0.1,0.3,85,1000,3,0.003
0.1,0.3,86,1000,4,0.004
0.1,0.3,87,1000,3,0.003
0.1,0.3,88,1000,3,0.003
0.1,0.3,89,1000,3,0.003
0.1,0.3,90,1000,2,0.002
0.1,0.3,91,1000,5,0.005
0.1,0.3,92,1000,4,0.004
0.1,0.3,93,1000,3,0.003
0.1,0.3,94,1000,3,0.003
0.1,0.3,95,1000,3,0.003
0.1,0.3,96,1000,4,0.004
0.1,0.3,97,1000,3,0.003
0.1,0.3,98,1000,3,0.003
0.1,0.3,99,1000,3,0.003
0.1,0.3,100,1000,3,0.003
0.1,0.5,8,1000,0,0
0.1,0.5,9,1000,0,0
0.1,0.5,10,1000,0,0
0.1,0.5,11,1000,0,0
0.1,0.5,12,1000,0,0
0.1,0.5,13,1000,0,0
0.1,0.5,14,1000,0,0
0.1,0.5,15,1000,0,0
0.1,0.5,16,1000,1,0.001
0.1,0.5,17,1000,0,0
0.1,0.5,18,1000,0,0
0.1,0.5,19,1000,1,0.001
0.1,0.5,20,1000,0,0
0.1,0.5,21,1000,0,0
0.1,0.5,22,1000,2,0.002
0.1,0.5,23,1000,1,0.001
0.1,0.5,24,1000,2,0.002
0.1,0.5,25,1000,3,0.003
0.1,0.5,26,1000,2,0.002
0.1,0.5,27,1000,2,0.002
0.1,0.5,28,1000,2,0.002
0.1,0.5,29,1000,2,0.002
0.1,0.5,30,1000,2,0.002
0.1,0.5,31,1000,1,0.001
0.1,0.5,32,1000,2,0.002
0.1,0.5,33,1000,2,0.002
0.1,0.5,34,1000,0,0
0.1,0.5,35,1000,1,0.001
0.1,0.5,36,1000,0,0
0.1,0.5,37,1000,1,0.001
0.1,0.5,38,1000,1,0.001
0.1,0.5,39,1000,1,0.001
0.1,0.5,40,1000,0,0
0.1,0.5,41,1000,0,0
0.1,0.5,42,1000,1,0.001
0.1,0.5,43,1000,4,0.004
0.1,0.5,44,1000,3,0.003
0.1,0.5,45,1000,5,0.005
0.1,0.5,46,1000,6,0.006
0.1,0.5,47,1000,6,0.006
0.1,0.5,48,1000,4,0.004
0.1,0.5,49,1000,3,0.003
0.1,0.5,50,1000,3,0.003
0.1,0.5,51,1000,4,0.004
0.1,0.5,52,1000,2,0.002
0.1,0.5,53,1000,5,0.005
0.1,0.5,54,1000,2,0.002
0.1,0.5,55,1000,4,0.004
0.1,0.5,56,1000,5,0.005
0.1,0.5,57,1000,4,0.004
0.1,0.5,58,1000,4,0.004
0.1,0.5,59,1000,3,0.003
0.1,0.5,60,1000,2,0.002
0.1,0.5,61,1000,3,0.003
0.1,0.5,62,1000,4,0.004
0.1,0.5,63,1000,2,0.002
0.1,0.5,64,1000,3,0.003
0.1,0.5,65,1000,4,0.004
0.1,0.5,66,1000,3,0.003
0.1,0.5,67,1000,5,0.005
0.1,0.5,68,1000,5,0.005
0.1,0.5,69,1000,3,0.003
0.1,0.5,70,1000,5,0.005
0.1,0.5,71,1000,5,0.005
0.1,0.5,72,1000,3,0.003
0.1,0.5,73,1000,3,0.003
0.1,0.5,74,1000,3,0.003
0.1,0.5,75,1000,1,0.001
0.1,0.5,76,1000,4,0.004
0.1,0.5,77,1000,3,0.003
0.1,0.5,78,1000,2,0.002
0.1,0.5,79,1000,2,0.002
0.1,0.5,80,1000,3,0.003
0.1,0.5,81,1000,2,0.002
0.1,0.5,82,1000,3,0.003
0.1,0.5,83,1000,4,0.004
0.1,0.5,84,1000,4,0.004
0.1,0.5,85,1000,2,0.002
0.1,0.5,86,1000,4,0.004
0.1,0.5,87,1000,5,0.005
0.1,0.5,88,1000,3,0.003
0.1,0.5,89,1000,3,0.003
0.1,0.5,90,1000,4,0.004
0.1,0.5,91,1000,4,0.004
0.1,0.5,92,1000,2,0.002
0.1,0.5,93,1000,1,0.001
0.1,0.5,94,1000,3,0.003
0.1,0.5,95,1000,3,0.003
0.1,0.5,96,1000,1,0.001
0.1,0.5,97,1000,2,0.002
0.1,0.5,98,1000,1,0.001
0.1,0.5,99,1000,3,0.003
0.1,0.5,100,1000,2,0.002
0.1,0.7,8,1000,0,0
0.1,0.7,9,1000,0,0
0.1,0.7,10,1000,0,0
0.1,0.7,11,1000,0,0
0.1,0.7,12,1000,0,0
0.1,0.7,13,1000,0,0
0.1,0.7,14,1000,0,0
0.1,0.7,15,1000,0,0
0.1,0.7,16,1000,0,0
0.1,0.7,17,1000,0,0
0.1,0.7,18,1000,0,0
0.1,0.7,19,1000,1,0.001
0.1,0.7,20,1000,1,0.001
0.1,0.7,21,1000,1,0.001
0.1,0.7,22,1000,0,0
0.1,0.7,23,1000,0,0
0.1,0.7,24,1000,0,0
0.1,0.7,25,1000,0,0
0.1,0.7,26,1000,1,0.001
0.1,0.7,27,1000,0,0
0.1,0.7,28,1000,0,0
0.1,0.7,29,1000,1,0.001
0.1,0.7,30,1000,1,0.001
0.1,0.7,31,1000,1,0.001
0.1,0.7,32,1000,1,0.001
0.1,0.7,33,1000,1,0.001
0.1,0.7,34,1000,3,0.003
0.1,0.7,35,1000,2,0.002
0.1,0.7,36,1000,2,0.002
0.1,0.7,37,1000,2,0.002
0.1,0.7,38,1000,2,0.002
0.1,0.7,39,1000,2,0.002
0.1,0.7,40,1000,1,0.001
0.1,0.7,41,1000,1,0.001
0.1,0.7,42,1000,2,0.002
0.1,0.7,43,1000,1,0.001
0.1,0.7,44,1000,1,0.001
0.1,0.7,45,1000,1,0.001
0.1,0.7,46,1000,2,0.002
0.1,0.7,47,1000,2,0.002
0.1,0.7,48,1000,2,0.002
0.1,0.7,49,1000,2,0.002
0.1,0.7,50,1000,2,0.002
0.1,0.7,51,1000,3,0.003
0.1,0.7,52,1000,3,0.003
0.1,0.7,53,1000,2,0.002
0.1,0.7,54,1000,1,0.001
0.1,0.7,55,1000,2,0.002
0.1,0.7,56,1000,1,0.001
0.1,0.7,57,1000,1,0.001
0.1,0.7,58,1000,0,0
0.1,0.7,59,1000,1,0.001
0.1,0.7,60,1000,0,0
0.1,0.7,61,1000,0,0
0.1,0.7,62,1000,0,0
0.1,0.7,63,1000,0,0
0.1,0.7,64,1000,1,0.001
0.1,0.7,65,1000,0,0
0.1,0.7,66,1000,0,0
0.1,0.7,67,1000,0,0
0.1,0.7,68,1000,0,0
0.1,0.7,69,1000,1,0.001
0.1,0.7,70,1000,0,0
0.1,0.7,71,1000,0,0
0.1,0.7,72,1000,1,0.001
0.1,0.7,73,1000,1,0.001
0.1,0.7,74,1000,1,0.001
0.1,0.7,75,1000,1,0.001
0.1,0.7,76,1000,0,0
0.1,0.7,77,1000,1,0.001
0.1,0.7,78,1000,1,0.001
0.1,0.7,79,1000,1,0.001
0.1,0.7,80,1000,1,0.001
0.1,0.7,81,1000,1,0.001
0.1,0.7,82,1000,0,0
0.1,0.7,83,1000,0,0
0.1,0.7,84,1000,0,0
0.1,0.7,85,1000,1,0.001
0.1,0.7,86,1000,1,0.001
0.1,0.7,87,1000,1,0.001
0.1,0.7,88,1000,1,0.001
0.1,0.7,89,1000,0,0
0.1,0.7,90,1000,0,0
0.1,0.7,91,1000,0,0
0.1,0.7,92,1000,0,0
0.1,0.7,93,1000,1,0.001
0.1,0.7,94,1000,0,0
0.1,0.7,95,1000,0,0
0.1,0.7,96,1000,0,0
0.1,0.7,97,1000,0,0
0.1,0.7,98,1000,0,0
0.1,0.7,99,1000,1,0.001
0.1,0.7,100,1000,1,0.001
0.2,0.3,8,1000,0,0
0.2,0.3,9,1000,0,0
0.2,0.3,10,1000,0,0
0.2,0.3,11,1000,1,0.001
0.2,0.3,12,1000,1,0.001
0.2,0.3,13,1000,0,0
0.2,0.3,14,1000,0,0
0.2,0.3,15,1000,0,0
0.2,0.3,16,1000,1,0.001
0.2,0.3,17,1000,1,0.001
0.2,0.3,18,1000,2,0.002
0.2,0.3,19,1000,2,0.002
0.2,0.3,20,1000,1,0.001
0.2,0.3,21,1000,2,0.002
0.2,0.3,22,1000,1,0.001
0.2,0.3,23,1000,2,0.002
0.2,0.3,24,1000,2,0.002
0.2,0.3,25,1000,2,0.002
0.2,0.3,26,1000,2,0.002
0.2,0.3,27,1000,5,0.005
0.2,0.3,28,1000,6,0.006
0.2,0.3,29,1000,6,0.006
0.2,0.3,30,1000,4,0.004
0.2,0.3,31,1000,4,0.004
0.2,0.3,32,1000,7,0.007
0.2,0.3,33,1000,8,0.008
0.2,0.3,34,1000,9,0.009
0.2,0.3,35,1000,10,0.01
0.2,0.3,36,1000,6,0.006
0.2,0.3,37,1000,6,0.006
0.2,0.3,38,1000,7,0.007
0.2,0.3,39,1000,7,0.007
0.2,0.3,40,1000,7,0.007
0.2,0.3,41,1000,6,0.006
0.2,0.3,42,1000,9,0.009
0.2,0.3,43,1000,10,0.01
0.2,0.3,44,1000,9,0.009
0.2,0.3,45,1000,7,0.007
0.2,0.3,46,1000,7,0.007
0.2,0.3,47,1000,7,0.007
0.2,0.3,48,1000,11,0.011
0.2,0.3,49,1000,10,0.01
0.2,0.3,50,1000,12,0.012
0.2,0.3,51,1000,11,0.011
0.2,0.3,52,1000,10,0.01
0.2,0.3,53,1000,8,0.008
0.2,0.3,54,1000,9,0.009
0.2,0.3,55,1000,10,0.01
0.2,0.3,56,1000,12,0.012
0.2,0.3,57,1000,11,0.011
0.2,0.3,58,1000,10,0.01
0.2,0.3,59,1000,9,0.009
0.2,0.3,60,1000,10,0.01
0.2,0.3,61,1000,13,0.013
0.2,0.3,62,1000,12,0.012
0.2,0.3,63,1000,11,0.011
0.2,0.3,64,1000,9,0.009
0.2,0.3,65,1000,8,0.008
0.2,0.3,66,1000,9,0.009
0.2,0.3,67,1000,10,0.01
0.2,0.3,68,1000,9,0.009
0.2,0.3,69,1000,9,0.009
0.2,0.3,70,1000,9,0.009
0.2,0.3,71,1000,7,0.007
0.2,0.3,72,1000,4,0.004
0.2,0.3,73,1000,6,0.006
0.2,0.3,74,1000,8,0.008
0.2,0.3,75,1000,7,0.007
0.2,0.3,76,1000,6,0.006
0.2,0.3,77,1000,6,0.006
0.2,0.3,78,1000,7,0.007
0.2,0.3,79,1000,3,0.003
0.2,0.3,80,1000,5,0.005
0.2,0.3,81,1000,5,0.005
0.2,0.3,82,1000,4,0.004
0.2,0.3,83,1000,4,0.004
0.2,0.3,84,1000,4,0.004
0.2,0.3,85,1000,7,0.007
0.2,0.3,86,1000,7,0.007
0.2,0.3,87,1000,6,0.006
0.2,0.3,88,1000,6,0.006
0.2,0.3,89,1000,7,0.007
0.2,0.3,90,1000,7,0.007
0.2,0.3,91,1000,8,0.008
0.2,0.3,92,1000,5,0.005
0.2,0.3,93,1000,5,0.005
0.2,0.3,94,1000,5,0.005
0.2,0.3,95,1000,6,0.006
0.2,0.3,96,1000,5,0.005
0.2,0.3,97,1000,5,0.005
0.2,0.3,98,1000,4,0.004
0.2,0.3,99,1000,3,0.003
0.2,0.3,100,1000,3,0.003
0.2,0.5,8,1000,0,0
0.2,0.5,9,1000,0,0
0.2,0.5,10,1000,0,0
0.2,0.5,11,1000,1,0.001
0.2,0.5,12,1000,0,0
0.2,0.5,13,1000,1,0.001
0.2,0.5,14,1000,0,0
0.2,0.5,15,1000,4,0.004
0.2,0.5,16,1000,2,0.002
0.2,0.5,17,1000,3,0.003
0.2,0.5,18,1000,2,0.002
0.2,0.5,19,1000,3,0.003
0.2,0.5,20,1000,4,0.004
0.2,0.5,21,1000,6,0.006
0.2,0.5,22,1000,6,0.006
0.2,0.5,23,1000,5,0.005
0.2,0.5,24,1000,8,0.008
0.2,0.5,25,1000,7,0.007
0.2,0.5,26,1000,9,0.009
0.2,0.5,27,1000,5,0.005
0.2,0.5,28,1000,8,0.008
0.2,0.5,29,1000,6,0.006
0.2,0.5,30,1000,9,0.009
0.2,0.5,31,1000,7,0.007
0.2,0.5,32,1000,11,0.011
0.2,0.5,33,1000,8,0.008
0.2,0.5,34,1000,7,0.007
0.2,0.5,35,1000,7,0.007
0.2,0.5,36,1000,3,0.003
0.2,0.5,37,1000,5,0.005
0.2,0.5,38,1000,4,0.004
0.2,0.5,39,1000,6,0.006
0.2,0.5,40,1000,6,0.006
0.2,0.5,41,1000,8,0.008
0.2,0.5,42,1000,9,0.009
0.2,0.5,43,1000,13,0.013
0.2,0.5,44,1000,14,0.014
0.2,0.5,45,1000,13,0.013
0.2,0.5,46,1000,9,0.009
0.2,0.5,47,1000,11,0.011
0.2,0.5,48,1000,9,0.009
0.2,0.5,49,1000,10,0.01
0.2,0.5,50,1000,8,0.008
0.2,0.5,51,1000,9,0.009
0.2,0.5,52,1000,12,0.012
0.2,0.5,53,1000,13,0.013
0.2,0.5,54,1000,13,0.013
0.2,0.5,55,1000,10,0.01
0.2,0.5,56,1000,8,0.008
0.2,0.5,57,1000,10,0.01
0.2,0.5,58,1000,8,0.008
0.2,0.5,59,1000,9,0.009
0.2,0.5,60,1000,8,0.008
0.2,0.5,61,1000,10,0.01
0.2,0.5,62,1000,10,0.01
0.2,0.5,63,1000,8,0.008
0.2,0.5,64,1000,9,0.009
0.2,0.5,65,1000,6,0.006
0.2,0.5,66,1000,8,0.008
0.2,0.5,67,1000,9,0.009
0.2,0.5,68,1000,9,0.009
0.2,0.5,69,1000,7,0.007
0.2,0.5,70,1000,10,0.01
0.2,0.5,71,1000,11,0.011
0.2,0.5,72,1000,11,0.011
0.2,0.5,73,1000,11,0.011
0.2,0.5,74,1000,8,0.008
0.2,0.5,75,1000,6,0.006
0.2,0.5,76,1000,7,0.007
0.2,0.5,77,1000,9,0.009
0.2,0.5,78,1000,6,0.006
0.2,0.5,79,1000,7,0.007
0.2,0.5,80,1000,10,0.01
0.2,0.5,81,1000,10,0.01
0.2,0.5,82,1000,10,0.01
0.2,0.5,83,1000,8,0.008
0.2,0.5,84,1000,8,0.008
0.2,0.5,85,1000,6,0.006
0.2,0.5,86,1000,7,0.007
0.2,0.5,87,1000,7,0.007
0.2,0.5,88,1000,5,0.005
0.2,0.5,89,1000,5,0.005
0.2,0.5,90,1000,6,0.006
0.2,0.5,91,1000,7,0.007
0.2,0.5,92,1000,8,0.008
0.2,0.5,93,1000,8,0.008
0.2,0.5,94,1000,7,0.007
0.2,0.5,95,1000,6,0.006
0.2,0.5,96,1000,9,0.009
0.2,0.5,97,1000,10,0.01
0.2,0.5,98,1000,7,0.007
0.2,0.5,99,1000,7,0.007
0.2,0.5,100,1000,9,0.009
0.2,0.7,8,1000,0,0
0.2,0.7,9,1000,0,0
0.2,0.7,10,1000,0,0
0.2,0.7,11,1000,1,0.001
0.2,0.7,12,1000,0,0
0.2,0.7,13,1000,0,0
0.2,0.7,14,1000,0,0
0.2,0.7,15,1000,2,0.002
0.2,0.7,16,1000,1,0.001
0.2,0.7,17,1000,1,0.001
0.2,0.7,18,1000,1,0.001
0.2,0.7,19,1000,1,0.001
0.2,0.7,20,1000,1,0.001
0.2,0.7,21,1000,2,0.002
0.2,0.7,22,1000,3,0.003
0.2,0.7,23,1000,2,0.002
0.2,0.7,24,1000,1,0.001
0.2,0.7,25,1000,1,0.001
0.2,0.7,26,1000,1,0.001
0.2,0.7,27,1000,1,0.001
0.2,0.7,28,1000,2,0.002
0.2,0.7,29,1000,4,0.004
0.2,0.7,30,1000,3,0.003
0.2,0.7,31,1000,4,0.004
0.2,0.7,32,1000,4,0.004
0.2,0.7,33,1000,5,0.005
0.2,0.7,34,1000,6,0.006
0.2,0.7,35,1000,6,0.006
0.2,0.7,36,1000,5,0.005
0.2,0.7,37,1000,4,0.004
0.2,0.7,38,1000,3,0.003
0.2,0.7,39,1000,4,0.004
0.2,0.7,40,1000,4,0.004
0.2,0.7,41,1000,4,0.004
0.2,0.7,42,1000,4,0.004
0.2,0.7,43,1000,2,0.002
0.2,0.7,44,1000,3,0.003
0.2,0.7,45,1000,6,0.006
0.2,0.7,46,1000,5,0.005
0.2,0.7,47,1000,6,0.006
0.2,0.7,48,1000,5,0.005
0.2,0.7,49,1000,8,0.008
0.2,0.7,50,1000,6,0.006
0.2,0.7,51,1000,6,0.006
0.2,0.7,52,1000,6,0.006
0.2,0.7,53,1000,7,0.007
0.2,0.7,54,1000,4,0.004
0.2,0.7,55,1000,5,0.005
0.2,0.7,56,1000,3,0.003
0.2,0.7,57,1000,4,0.004
0.2,0.7,58,1000,4,0.004
0.2,0.7,59,1000,4,0.004
0.2,0.7,60,1000,3,0.003
0.2,0.7,61,1000,1,0.001
0.2,0.7,62,1000,1,0.001
0.2,0.7,63,1000,1,0.001
0.2,0.7,64,1000,1,0.001
0.2,0.7,65,1000,1,0.001
0.2,0.7,66,1000,2,0.002
0.2,0.7,67,1000,0,0
0.2,0.7,68,1000,0,0
0.2,0.7,69,1000,1,0.001
0.2,0.7,70,1000,0,0
0.2,0.7,71,1000,0,0
0.2,0.7,72,1000,1,0.001
0.2,0.7,73,1000,1,0.001
0.2,0.7,74,1000,1,0.001
0.2,0.7,75,1000,1,0.001
0.2,0.7,76,1000,0,0
0.2,0.7,77,1000,1,0.001
0.2,0.7,78,1000,1,0.001
0.2,0.7,79,1000,1,0.001
0.2,0.7,80,1000,1,0.001
0.2,0.7,81,1000,1,0.001
0.2,0.7,82,1000,0,0
0.2,0.7,83,1000,0,0
0.2,0.7,84,1000,0,0
0.2,0.7,85,1000,1,0.001
0.2,0.7,86,1000,1,0.001
0.2,0.7,87,1000,1,0.001
0.2,0.7,88,1000,1,0.001
0.2,0.7,89,1000,0,0
0.2,0.7,90,1000,0,0
0.2,0.7,91,1000,0,0
0.2,0.7,92,1000,0,0
0.2,0.7,93,1000,1,0.001
0.2,0.7,94,1000,0,0
0.2,0.7,95,1000,0,0
0.2,0.7,96,1000,0,0
0.2,0.7,97,1000,1,0.001
0.2,0.7,98,1000,1,0.001
0.2,0.7,99,1000,1,0.001
0.2,0.7,100,1000,1,0.001
