T,H,m,n,trials,amp_only,beta_0.01,bound_0.01,bound_0.02,bound_0.05,bound_0.10,bound_0.20
#seed,20260928,,,,,
8,3,0.05,8,20000,0.056600,0.000000,0.000000,0.000000,0.000000,0.000000,0.000000
8,3,0.05,9,20000,0.063200,0.000050,0.000000,0.000000,0.000000,0.000000,0.000000
8,3,0.05,10,20000,0.064500,0.000000,0.000000,0.000000,0.000000,0.000000,0.000000
8,3,0.05,12,20000,0.058150,0.000450,0.000000,0.000000,0.000000,0.000000,0.000000
8,3,0.05,14,20000,0.032050,0.000050,0.000000,0.000000,0.000000,0.000000,0.000000
8,3,0.05,16,20000,0.016800,0.000050,0.000000,0.000000,0.000000,0.000000,0.000000
8,3,0.05,20,20000,0.006700,0.000100,0.000000,0.000000,0.000000,0.000000,0.000000
8,3,0.05,24,20000,0.001650,0.000000,0.000000,0.000000,0.000000,0.000000,0.000000
8,3,0.05,32,20000,0.000050,0.000000,0.000000,0.000000,0.000000,0.000000,0.000000
8,3,0.05,48,20000,0.000000,0.000000,0.000000,0.000000,0.000000,0.000000,0.000000
8,3,0.05,64,20000,0.000000,0.000000,0.000000,0.000000,0.000000,0.000000,0.000000
8,3,0.05,100,20000,0.000000,0.000000,0.000000,0.000000,0.000000,0.000000,0.000000
8,3,0.10,8,20000,0.182050,0.000300,0.000000,0.000000,0.000000,0.000000,0.000000
8,3,0.10,9,20000,0.195050,0.000450,0.000000,0.000000,0.000000,0.000000,0.000000
8,3,0.10,10,20000,0.205750,0.000200,0.000000,0.000000,0.000000,0.000000,0.000000
8,3,0.10,12,20000,0.187500,0.001550,0.000000,0.000000,0.000000,0.000000,0.000000
8,3,0.10,14,20000,0.121650,0.000450,0.000000,0.000000,0.000000,0.000000,0.000000
8,3,0.10,16,20000,0.090250,0.000300,0.000000,0.000000,0.000000,0.000000,0.000000
8,3,0.10,20,20000,0.038000,0.000750,0.000000,0.000000,0.000000,0.000000,0.000000
8,3,0.10,24,20000,0.015300,0.000500,0.000000,0.000000,0.000000,0.000000,0.000000
8,3,0.10,32,20000,0.003450,0.001050,0.000000,0.000000,0.000000,0.000000,0.000000
8,3,0.10,48,20000,0.000050,0.000050,0.000000,0.000000,0.000000,0.000000,0.000000
8,3,0.10,64,20000,0.000000,0.000000,0.000000,0.000000,0.000000,0.000000,0.000000
8,3,0.10,100,20000,0.000000,0.000000,0.000000,0.000000,0.000000,0.000000,0.000000
8,3,0.20,8,20000,0.472250,0.002550,0.000000,0.000000,0.000000,0.000000,0.000000
8,3,0.20,9,20000,0.504350,0.004200,0.000000,0.000000,0.000000,0.000000,0.000000
8,3,0.20,10,20000,0.518850,0.004100,0.000000,0.000000,0.000000,0.000000,0.000000
8,3,0.20,12,20000,0.478400,0.009050,0.000000,0.000000,0.000000,0.000000,0.000100
8,3,0.20,14,20000,0.368550,0.003500,0.000000,0.000000,0.000000,0.000000,0.000100
8,3,0.20,16,20000,0.310750,0.004400,0.000000,0.000000,0.000000,0.000000,0.000450
8,3,0.20,20,20000,0.184850,0.005800,0.000000,0.000000,0.000000,0.000100,0.000400
8,3,0.20,24,20000,0.105450,0.005400,0.000000,0.000000,0.000000,0.000100,0.000550
8,3,0.20,32,20000,0.036200,0.007150,0.000000,0.000050,0.000050,0.000150,0.000500
8,3,0.20,48,20000,0.003800,0.003250,0.000000,0.000000,0.000050,0.000300,0.000900
8,3,0.20,64,20000,0.000250,0.000250,0.000000,0.000000,0.000050,0.000100,0.000250
8,3,0.20,100,20000,0.000000,0.000000,0.000000,0.000000,0.000000,0.000000,0.000000
8,3,0.30,8,20000,0.696450,0.007950,0.000000,0.000000,0.000000,0.000000,0.000000
8,3,0.30,9,20000,0.726700,0.012650,0.000000,0.000000,0.000000,0.000000,0.000000
8,3,0.30,10,20000,0.742650,0.013500,0.000000,0.000000,0.000000,0.000000,0.000000
8,3,0.30,12,20000,0.683450,0.023400,0.000000,0.000000,0.000000,0.000000,0.000450
8,3,0.30,14,20000,0.558250,0.011300,0.000000,0.000000,0.000000,0.000050,0.000950
8,3,0.30,16,20000,0.496650,0.011650,0.000000,0.000000,0.000050,0.000400,0.001600
8,3,0.30,20,20000,0.338550,0.010650,0.000000,0.000050,0.000200,0.000550,0.002400
8,3,0.30,24,20000,0.216350,0.011900,0.000000,0.000000,0.000300,0.000700,0.003350
8,3,0.30,32,20000,0.100400,0.012750,0.000000,0.000150,0.000650,0.001200,0.003750
8,3,0.30,48,20000,0.018100,0.009650,0.000000,0.000100,0.000400,0.001400,0.004400
8,3,0.30,64,20000,0.002500,0.002500,0.000000,0.000150,0.000500,0.001300,0.002500
8,3,0.30,100,20000,0.000100,0.000100,0.000100,0.000100,0.000100,0.000100,0.000100
8,3,0.40,8,20000,0.821200,0.013700,0.000000,0.000000,0.000000,0.000000,0.000000
8,3,0.40,9,20000,0.853650,0.020150,0.000000,0.000000,0.000000,0.000000,0.000000
8,3,0.40,10,20000,0.860500,0.024250,0.000000,0.000000,0.000000,0.000000,0.000000
8,3,0.40,12,20000,0.786450,0.035400,0.000000,0.000000,0.000000,0.000000,0.000900
8,3,0.40,14,20000,0.666300,0.017850,0.000000,0.000000,0.000000,0.000100,0.002600
8,3,0.40,16,20000,0.594350,0.017000,0.000000,0.000000,0.000000,0.001050,0.004150
8,3,0.40,20,20000,0.429850,0.017350,0.000000,0.000050,0.000350,0.001950,0.006250
8,3,0.40,24,20000,0.300050,0.015750,0.000050,0.000100,0.001350,0.002400,0.007150
8,3,0.40,32,20000,0.150500,0.013150,0.000000,0.000150,0.001000,0.002400,0.006800
8,3,0.40,48,20000,0.032000,0.013750,0.000150,0.000250,0.001350,0.003300,0.010600
8,3,0.40,64,20000,0.006950,0.006950,0.000250,0.000600,0.002200,0.004700,0.006950
8,3,0.40,100,20000,0.000300,0.000300,0.000300,0.000300,0.000300,0.000300,0.000300
8,3,0.50,8,20000,0.856800,0.015150,0.000000,0.000000,0.000000,0.000000,0.000000
8,3,0.50,9,20000,0.891400,0.024150,0.000000,0.000000,0.000000,0.000000,0.000000
8,3,0.50,10,20000,0.900700,0.027800,0.000000,0.000000,0.000000,0.000000,0.000000
8,3,0.50,12,20000,0.810300,0.037250,0.000000,0.000000,0.000000,0.000000,0.000700
8,3,0.50,14,20000,0.695550,0.021000,0.000000,0.000000,0.000000,0.000400,0.001950
8,3,0.50,16,20000,0.618000,0.018400,0.000000,0.000000,0.000050,0.001350,0.005150
8,3,0.50,20,20000,0.461650,0.019350,0.000000,0.000000,0.000550,0.002300,0.008350
8,3,0.50,24,20000,0.329450,0.016900,0.000000,0.000050,0.000900,0.002450,0.009750
8,3,0.50,32,20000,0.170650,0.012200,0.000050,0.000600,0.001050,0.003700,0.008000
8,3,0.50,48,20000,0.034800,0.011650,0.000150,0.000400,0.001500,0.004000,0.010850
8,3,0.50,64,20000,0.007350,0.007350,0.000400,0.000600,0.001950,0.004950,0.007350
8,3,0.50,100,20000,0.000250,0.000250,0.000250,0.000250,0.000250,0.000250,0.000250
8,3,0.60,8,20000,0.821800,0.012850,0.000000,0.000000,0.000000,0.000000,0.000000
8,3,0.60,9,20000,0.849300,0.021550,0.000000,0.000000,0.000000,0.000000,0.000000
8,3,0.60,10,20000,0.861950,0.023800,0.000000,0.000000,0.000000,0.000000,0.000000
8,3,0.60,12,20000,0.782200,0.037100,0.000000,0.000000,0.000000,0.000000,0.000650
8,3,0.60,14,20000,0.663200,0.018050,0.000000,0.000000,0.000000,0.000250,0.002250
8,3,0.60,16,20000,0.593000,0.017050,0.000000,0.000000,0.000000,0.001150,0.003800
8,3,0.60,20,20000,0.425100,0.016150,0.000000,0.000000,0.000250,0.000850,0.004950
8,3,0.60,24,20000,0.301400,0.014700,0.000150,0.000250,0.001000,0.002350,0.007650
8,3,0.60,32,20000,0.149650,0.012650,0.000000,0.000300,0.001050,0.002350,0.006350
8,3,0.60,48,20000,0.031250,0.011300,0.000150,0.000300,0.001000,0.002250,0.008350
8,3,0.60,64,20000,0.006300,0.006300,0.000200,0.000350,0.001350,0.003800,0.006300
8,3,0.60,100,20000,0.000200,0.000200,0.000200,0.000200,0.000200,0.000200,0.000200
8,3,0.70,8,20000,0.692150,0.007400,0.000000,0.000000,0.000000,0.000000,0.000000
8,3,0.70,9,20000,0.727600,0.011150,0.000000,0.000000,0.000000,0.000000,0.000000
8,3,0.70,10,20000,0.749850,0.013900,0.000000,0.000000,0.000000,0.000000,0.000000
8,3,0.70,12,20000,0.683000,0.023600,0.000000,0.000000,0.000000,0.000000,0.000250
8,3,0.70,14,20000,0.562600,0.011350,0.000000,0.000000,0.000000,0.000150,0.000900
8,3,0.70,16,20000,0.498950,0.013400,0.000000,0.000000,0.000000,0.000400,0.001700
8,3,0.70,20,20000,0.336050,0.012750,0.000000,0.000000,0.000300,0.000850,0.002500
8,3,0.70,24,20000,0.221800,0.011150,0.000000,0.000000,0.000400,0.001050,0.002600
8,3,0.70,32,20000,0.101650,0.013000,0.000000,0.000000,0.000300,0.001100,0.003400
8,3,0.70,48,20000,0.015450,0.009700,0.000050,0.000250,0.000600,0.001300,0.004500
8,3,0.70,64,20000,0.003100,0.003100,0.000100,0.000100,0.000750,0.001950,0.003100
8,3,0.70,100,20000,0.000150,0.000150,0.000150,0.000150,0.000150,0.000150,0.000150
8,3,0.80,8,20000,0.472550,0.002750,0.000000,0.000000,0.000000,0.000000,0.000000
8,3,0.80,9,20000,0.508100,0.003400,0.000000,0.000000,0.000000,0.000000,0.000000
8,3,0.80,10,20000,0.515450,0.004500,0.000000,0.000000,0.000000,0.000000,0.000000
8,3,0.80,12,20000,0.477800,0.009500,0.000000,0.000000,0.000000,0.000000,0.000150
8,3,0.80,14,20000,0.369550,0.004500,0.000000,0.000000,0.000000,0.000050,0.000300
8,3,0.80,16,20000,0.317600,0.005200,0.000000,0.000000,0.000050,0.000150,0.000450
8,3,0.80,20,20000,0.182900,0.005600,0.000000,0.000000,0.000000,0.000000,0.000350
8,3,0.80,24,20000,0.105900,0.004650,0.000000,0.000000,0.000000,0.000250,0.000850
8,3,0.80,32,20000,0.039200,0.008150,0.000000,0.000000,0.000100,0.000100,0.000650
8,3,0.80,48,20000,0.003450,0.002550,0.000050,0.000050,0.000100,0.000100,0.000400
8,3,0.80,64,20000,0.000400,0.000400,0.000000,0.000000,0.000050,0.000150,0.000400
8,3,0.80,100,20000,0.000000,0.000000,0.000000,0.000000,0.000000,0.000000,0.000000
8,3,0.90,8,20000,0.180850,0.000300,0.000000,0.000000,0.000000,0.000000,0.000000
8,3,0.90,9,20000,0.199300,0.000550,0.000000,0.000000,0.000000,0.000000,0.000000
8,3,0.90,10,20000,0.205000,0.000350,0.000000,0.000000,0.000000,0.000000,0.000000
8,3,0.90,12,20000,0.189750,0.001850,0.000000,0.000000,0.000000,0.000000,0.000000
8,3,0.90,14,20000,0.120000,0.000400,0.000000,0.000000,0.000000,0.000000,0.000000
8,3,0.90,16,20000,0.090600,0.000400,0.000000,0.000000,0.000000,0.000000,0.000050
8,3,0.90,20,20000,0.038100,0.001100,0.000000,0.000000,0.000000,0.000000,0.000050
8,3,0.90,24,20000,0.015350,0.000550,0.000000,0.000000,0.000000,0.000000,0.000050
8,3,0.90,32,20000,0.002400,0.000750,0.000000,0.000000,0.000000,0.000000,0.000000
8,3,0.90,48,20000,0.000100,0.000100,0.000000,0.000000,0.000000,0.000000,0.000000
8,3,0.90,64,20000,0.000000,0.000000,0.000000,0.000000,0.000000,0.000000,0.000000
8,3,0.90,100,20000,0.000000,0.000000,0.000000,0.000000,0.000000,0.000000,0.000000
8,3,0.95,8,20000,0.056250,0.000000,0.000000,0.000000,0.000000,0.000000,0.000000
8,3,0.95,9,20000,0.066550,0.000000,0.000000,0.000000,0.000000,0.000000,0.000000
8,3,0.95,10,20000,0.065100,0.000000,0.000000,0.000000,0.000000,0.000000,0.000000
8,3,0.95,12,20000,0.061400,0.000350,0.000000,0.000000,0.000000,0.000000,0.000000
8,3,0.95,14,20000,0.029800,0.000050,0.000000,0.000000,0.000000,0.000000,0.000000
8,3,0.95,16,20000,0.017400,0.000100,0.000000,0.000000,0.000000,0.000000,0.000000
8,3,0.95,20,20000,0.005600,0.000050,0.000000,0.000000,0.000000,0.000000,0.000000
8,3,0.95,24,20000,0.002100,0.000000,0.000000,0.000000,0.000000,0.000000,0.000000
8,3,0.95,32,20000,0.000150,0.000000,0.000000,0.000000,0.000000,0.000000,0.000000
8,3,0.95,48,20000,0.000000,0.000000,0.000000,0.000000,0.000000,0.000000,0.000000
8,3,0.95,64,20000,0.000000,0.000000,0.000000,0.000000,0.000000,0.000000,0.000000
8,3,0.95,100,20000,0.000000,0.000000,0.000000,0.000000,0.000000,0.000000,0.000000
24,2,0.05,24,20000,0.001000,0.000000,0.000000,0.000000,0.000000,0.000000,0.000000
24,2,0.05,26,20000,0.000550,0.000050,0.000000,0.000000,0.000000,0.000000,0.000000
24,2,0.05,30,20000,0.000150,0.000100,0.000000,0.000000,0.000000,0.000000,0.000000
24,2,0.05,36,20000,0.000050,0.000050,0.000000,0.000000,0.000000,0.000000,0.000000
24,2,0.05,48,20000,0.000000,0.000000,0.000000,0.000000,0.000000,0.000000,0.000000
24,2,0.05,72,20000,0.000000,0.000000,0.000000,0.000000,0.000000,0.000000,0.000000
24,2,0.05,100,20000,0.000000,0.000000,0.000000,0.000000,0.000000,0.000000,0.000000
24,2,0.05,240,20000,0.000000,0.000000,0.000000,0.000000,0.000000,0.000000,0.000000
24,2,0.10,24,20000,0.010450,0.000500,0.000000,0.000000,0.000000,0.000000,0.000050
24,2,0.10,26,20000,0.006400,0.000600,0.000000,0.000000,0.000000,0.000000,0.000000
24,2,0.10,30,20000,0.003250,0.001700,0.000000,0.000000,0.000050,0.000050,0.000200
24,2,0.10,36,20000,0.000800,0.000700,0.000000,0.000000,0.000000,0.000000,0.000000
24,2,0.10,48,20000,0.000050,0.000050,0.000000,0.000000,0.000000,0.000000,0.000000
24,2,0.10,72,20000,0.000000,0.000000,0.000000,0.000000,0.000000,0.000000,0.000000
24,2,0.10,100,20000,0.000000,0.000000,0.000000,0.000000,0.000000,0.000000,0.000000
24,2,0.10,240,20000,0.000000,0.000000,0.000000,0.000000,0.000000,0.000000,0.000000
24,2,0.20,24,20000,0.074450,0.005750,0.000000,0.000000,0.000050,0.000200,0.001000
24,2,0.20,26,20000,0.048750,0.006000,0.000000,0.000000,0.000050,0.000100,0.000600
24,2,0.20,30,20000,0.028250,0.007000,0.000000,0.000050,0.000100,0.000250,0.001000
24,2,0.20,36,20000,0.012150,0.006350,0.000000,0.000000,0.000100,0.000400,0.001000
24,2,0.20,48,20000,0.002250,0.002050,0.000000,0.000000,0.000150,0.000300,0.000650
24,2,0.20,72,20000,0.000050,0.000050,0.000000,0.000050,0.000050,0.000050,0.000050
24,2,0.20,100,20000,0.000000,0.000000,0.000000,0.000000,0.000000,0.000000,0.000000
24,2,0.20,240,20000,0.000000,0.000000,0.000000,0.000000,0.000000,0.000000,0.000000
24,2,0.30,24,20000,0.151350,0.009900,0.000000,0.000000,0.000150,0.000900,0.003400
24,2,0.30,26,20000,0.115550,0.011150,0.000000,0.000100,0.000600,0.001100,0.003700
24,2,0.30,30,20000,0.068250,0.010600,0.000050,0.000150,0.000300,0.001000,0.003650
24,2,0.30,36,20000,0.034450,0.010100,0.000000,0.000050,0.000800,0.001500,0.004600
24,2,0.30,48,20000,0.010850,0.008350,0.000150,0.000150,0.000750,0.001750,0.005000
24,2,0.30,72,20000,0.000750,0.000750,0.000000,0.000100,0.000650,0.000750,0.000750
24,2,0.30,100,20000,0.000000,0.000000,0.000000,0.000000,0.000000,0.000000,0.000000
24,2,0.30,240,20000,0.000000,0.000000,0.000000,0.000000,0.000000,0.000000,0.000000
24,2,0.40,24,20000,0.204650,0.013600,0.000050,0.000150,0.000700,0.003100,0.009050
24,2,0.40,26,20000,0.162100,0.012950,0.000050,0.000150,0.000550,0.002300,0.007550
24,2,0.40,30,20000,0.106850,0.013850,0.000150,0.000350,0.001050,0.003150,0.009450
24,2,0.40,36,20000,0.059100,0.013150,0.000100,0.000300,0.001250,0.003950,0.009800
24,2,0.40,48,20000,0.019700,0.012500,0.000100,0.000500,0.001100,0.003900,0.010850
24,2,0.40,72,20000,0.001650,0.001650,0.000150,0.000550,0.001500,0.001650,0.001650
24,2,0.40,100,20000,0.000200,0.000200,0.000200,0.000200,0.000200,0.000200,0.000200
24,2,0.40,240,20000,0.000000,0.000000,0.000000,0.000000,0.000000,0.000000,0.000000
24,2,0.50,24,20000,0.228050,0.014700,0.000050,0.000300,0.000950,0.003200,0.010050
24,2,0.50,26,20000,0.178450,0.015300,0.000150,0.000350,0.001250,0.004350,0.011900
24,2,0.50,30,20000,0.117850,0.014250,0.000300,0.000300,0.001550,0.004200,0.011400
24,2,0.50,36,20000,0.066900,0.012450,0.000050,0.000250,0.001550,0.004700,0.011250
24,2,0.50,48,20000,0.026300,0.013700,0.000150,0.000450,0.001750,0.004800,0.014900
24,2,0.50,72,20000,0.002000,0.002000,0.000200,0.000550,0.001800,0.002000,0.002000
24,2,0.50,100,20000,0.000250,0.000250,0.000250,0.000250,0.000250,0.000250,0.000250
24,2,0.50,240,20000,0.000000,0.000000,0.000000,0.000000,0.000000,0.000000,0.000000
24,2,0.60,24,20000,0.210100,0.012800,0.000000,0.000000,0.000450,0.002300,0.008050
24,2,0.60,26,20000,0.159050,0.013500,0.000050,0.000100,0.000600,0.002850,0.008600
24,2,0.60,30,20000,0.108100,0.013950,0.000150,0.000300,0.001100,0.003450,0.009950
24,2,0.60,36,20000,0.058850,0.012750,0.000150,0.000350,0.001500,0.003700,0.009700
24,2,0.60,48,20000,0.022100,0.013150,0.000100,0.000500,0.001850,0.004650,0.011550
24,2,0.60,72,20000,0.002350,0.002350,0.000450,0.000700,0.002100,0.002350,0.002350
24,2,0.60,100,20000,0.000250,0.000250,0.000250,0.000250,0.000250,0.000250,0.000250
24,2,0.60,240,20000,0.000000,0.000000,0.000000,0.000000,0.000000,0.000000,0.000000
24,2,0.70,24,20000,0.156450,0.009450,0.000000,0.000050,0.000150,0.000850,0.003650
24,2,0.70,26,20000,0.114500,0.011800,0.000000,0.000000,0.000250,0.001300,0.004350
24,2,0.70,30,20000,0.073600,0.011600,0.000050,0.000100,0.000500,0.001650,0.005100
24,2,0.70,36,20000,0.035200,0.010950,0.000000,0.000100,0.000450,0.001750,0.004750
24,2,0.70,48,20000,0.009700,0.008050,0.000050,0.000200,0.000450,0.001850,0.004850
24,2,0.70,72,20000,0.000650,0.000650,0.000000,0.000000,0.000500,0.000650,0.000650
24,2,0.70,100,20000,0.000050,0.000050,0.000050,0.000050,0.000050,0.000050,0.000050
24,2,0.70,240,20000,0.000000,0.000000,0.000000,0.000000,0.000000,0.000000,0.000000
24,2,0.80,24,20000,0.071900,0.005200,0.000000,0.000000,0.000050,0.000250,0.001100
24,2,0.80,26,20000,0.049250,0.006450,0.000000,0.000000,0.000000,0.000200,0.001150
24,2,0.80,30,20000,0.028900,0.006950,0.000000,0.000000,0.000050,0.000200,0.000750
24,2,0.80,36,20000,0.010550,0.004900,0.000000,0.000000,0.000050,0.000350,0.000700
24,2,0.80,48,20000,0.002250,0.002200,0.000000,0.000000,0.000100,0.000200,0.001100
24,2,0.80,72,20000,0.000050,0.000050,0.000050,0.000050,0.000050,0.000050,0.000050
24,2,0.80,100,20000,0.000000,0.000000,0.000000,0.000000,0.000000,0.000000,0.000000
24,2,0.80,240,20000,0.000000,0.000000,0.000000,0.000000,0.000000,0.000000,0.000000
24,2,0.90,24,20000,0.011750,0.000500,0.000000,0.000000,0.000000,0.000000,0.000050
24,2,0.90,26,20000,0.006750,0.000850,0.000000,0.000000,0.000000,0.000000,0.000050
24,2,0.90,30,20000,0.002400,0.001100,0.000000,0.000000,0.000000,0.000000,0.000000
24,2,0.90,36,20000,0.000600,0.000550,0.000000,0.000000,0.000000,0.000000,0.000000
24,2,0.90,48,20000,0.000150,0.000150,0.000000,0.000000,0.000000,0.000050,0.000100
24,2,0.90,72,20000,0.000000,0.000000,0.000000,0.000000,0.000000,0.000000,0.000000
24,2,0.90,100,20000,0.000000,0.000000,0.000000,0.000000,0.000000,0.000000,0.000000
24,2,0.90,240,20000,0.000000,0.000000,0.000000,0.000000,0.000000,0.000000,0.000000
24,2,0.95,24,20000,0.000950,0.000000,0.000000,0.000000,0.000000,0.000000,0.000000
24,2,0.95,26,20000,0.000350,0.000100,0.000000,0.000000,0.000000,0.000000,0.000000
24,2,0.95,30,20000,0.000250,0.000200,0.000000,0.000000,0.000000,0.000000,0.000000
24,2,0.95,36,20000,0.000000,0.000000,0.000000,0.000000,0.000000,0.000000,0.000000
24,2,0.95,48,20000,0.000000,0.000000,0.000000,0.000000,0.000000,0.000000,0.000000
24,2,0.95,72,20000,0.000000,0.000000,0.000000,0.000000,0.000000,0.000000,0.000000
24,2,0.95,100,20000,0.000000,0.000000,0.000000,0.000000,0.000000,0.000000,0.000000
24,2,0.95,240,20000,0.000000,0.000000,0.000000,0.000000,0.000000,0.000000,0.000000
