alpha,door,flip_noise,median_first_n,never
#seed,20269928,,,
0.01,p8_4on4off,0,22,0
0.01,p4_2on2off,0,18,0
0.01,p8_3on5off,0,28,0
0.01,p8_4on4off_noisy,0.1,34,0
0.02,p8_4on4off,0,20,0
0.02,p4_2on2off,0,17,0
0.02,p8_3on5off,0,24,0
0.02,p8_4on4off_noisy,0.1,31,0
0.05,p8_4on4off,0,17,0
0.05,p4_2on2off,0,15,0
0.05,p8_3on5off,0,21,0
0.05,p8_4on4off_noisy,0.1,27,0
0.1,p8_4on4off,0,15,0
0.1,p4_2on2off,0,13,0
0.1,p8_3on5off,0,20,0
0.1,p8_4on4off_noisy,0.1,23,0
0.2,p8_4on4off,0,14,0
0.2,p4_2on2off,0,11,0
0.2,p8_3on5off,0,17,0
0.2,p8_4on4off_noisy,0.1,21,0
