rule,delta,readout,gt,pred_S,pred_P,pred_T,pred_U,ever_periodic
#seed,40357928,scenes,20,,,,,
single_readout,0.1,64,wall,1000,0,0,0,0
single_readout,0.1,64,door,0,800,400,0,800
single_readout,0.1,64,aperiodic,1212,12,671,105,62
single_readout,0.1,64,dynamic,1,0,705,294,0
single_readout,0.1,256,wall,1000,0,0,0,0
single_readout,0.1,256,door,0,800,400,0,800
single_readout,0.1,256,aperiodic,1218,5,696,81,219
single_readout,0.1,256,dynamic,1,0,711,288,1
spending,0.2,64,wall,1000,0,0,0,0
spending,0.2,64,door,0,800,400,0,800
spending,0.2,64,aperiodic,1221,0,672,107,0
spending,0.2,64,dynamic,1,0,705,294,0
spending,0.2,256,wall,1000,0,0,0,0
spending,0.2,256,door,0,800,400,0,800
spending,0.2,256,aperiodic,1223,0,695,82,1
spending,0.2,256,dynamic,1,0,711,288,0
