delta,params,touch,m,cells,ever_1024,wilson_hi_1024,mean_lives
#seed,30260928,,,,,,
0.01,e2,every,0.1,2000,0,0.00191705,265.878
0.01,e2,every,0.2,2000,0,0.00191705,180.402
0.01,e2,every,0.3,2000,0,0.00191705,111.898
0.01,e2,every,0.4,2000,0,0.00191705,61.57
0.01,e2,every,0.5,2000,0,0.00191705,23.183
0.01,e2,every,0.6,2000,0,0.00191705,4.96
0.01,e2,every,0.7,2000,0,0.00191705,1.337
0.01,e2,every,0.8,2000,0,0.00191705,1.023
0.01,e2,every,0.9,2000,0,0.00191705,1.0005
0.01,e2,half,0.1,2000,0,0.00191705,133.208
0.01,e2,half,0.2,2000,0,0.00191705,90.534
0.01,e2,half,0.3,2000,0,0.00191705,56.5085
0.01,e2,half,0.4,2000,0,0.00191705,31.58
0.01,e2,half,0.5,2000,0,0.00191705,12.3205
0.01,e2,half,0.6,2000,0,0.00191705,3.0385
0.01,e2,half,0.7,2000,0,0.00191705,1.197
0.01,e2,half,0.8,2000,0,0.00191705,1.018
0.01,e2,half,0.9,2000,0,0.00191705,1.001
0.01,shipped,every,0.1,2000,0,0.00191705,76.3375
0.01,shipped,every,0.2,2000,0,0.00191705,40.614
0.01,shipped,every,0.3,2000,0,0.00191705,12.6
0.01,shipped,every,0.4,2000,0,0.00191705,1.928
0.01,shipped,every,0.5,2000,0,0.00191705,1.026
0.01,shipped,every,0.6,2000,0,0.00191705,1.0005
0.01,shipped,every,0.7,2000,0,0.00191705,1
0.01,shipped,every,0.8,2000,0,0.00191705,1
0.01,shipped,every,0.9,2000,0,0.00191705,1
0.01,shipped,half,0.1,2000,0,0.00191705,38.426
0.01,shipped,half,0.2,2000,0,0.00191705,20.647
0.01,shipped,half,0.3,2000,0,0.00191705,6.822
0.01,shipped,half,0.4,2000,0,0.00191705,1.486
0.01,shipped,half,0.5,2000,0,0.00191705,1.016
0.01,shipped,half,0.6,2000,0,0.00191705,1.0005
0.01,shipped,half,0.7,2000,0,0.00191705,1
0.01,shipped,half,0.8,2000,0,0.00191705,1
0.01,shipped,half,0.9,2000,0,0.00191705,1
0.02,e2,every,0.1,2000,0,0.00191705,265.878
0.02,e2,every,0.2,2000,0,0.00191705,180.402
0.02,e2,every,0.3,2000,0,0.00191705,111.898
0.02,e2,every,0.4,2000,0,0.00191705,61.57
0.02,e2,every,0.5,2000,0,0.00191705,23.183
0.02,e2,every,0.6,2000,0,0.00191705,4.96
0.02,e2,every,0.7,2000,0,0.00191705,1.337
0.02,e2,every,0.8,2000,0,0.00191705,1.023
0.02,e2,every,0.9,2000,0,0.00191705,1.0005
0.02,e2,half,0.1,2000,0,0.00191705,133.208
0.02,e2,half,0.2,2000,0,0.00191705,90.534
0.02,e2,half,0.3,2000,0,0.00191705,56.5085
0.02,e2,half,0.4,2000,0,0.00191705,31.58
0.02,e2,half,0.5,2000,0,0.00191705,12.3205
0.02,e2,half,0.6,2000,0,0.00191705,3.0385
0.02,e2,half,0.7,2000,0,0.00191705,1.197
0.02,e2,half,0.8,2000,0,0.00191705,1.018
0.02,e2,half,0.9,2000,0,0.00191705,1.001
0.02,shipped,every,0.1,2000,0,0.00191705,76.3375
0.02,shipped,every,0.2,2000,0,0.00191705,40.614
0.02,shipped,every,0.3,2000,0,0.00191705,12.6
0.02,shipped,every,0.4,2000,0,0.00191705,1.928
0.02,shipped,every,0.5,2000,0,0.00191705,1.026
0.02,shipped,every,0.6,2000,0,0.00191705,1.0005
0.02,shipped,every,0.7,2000,0,0.00191705,1
0.02,shipped,every,0.8,2000,0,0.00191705,1
0.02,shipped,every,0.9,2000,0,0.00191705,1
0.02,shipped,half,0.1,2000,0,0.00191705,38.426
0.02,shipped,half,0.2,2000,0,0.00191705,20.647
0.02,shipped,half,0.3,2000,0,0.00191705,6.822
0.02,shipped,half,0.4,2000,0,0.00191705,1.486
0.02,shipped,half,0.5,2000,0,0.00191705,1.016
0.02,shipped,half,0.6,2000,0,0.00191705,1.0005
0.02,shipped,half,0.7,2000,0,0.00191705,1
0.02,shipped,half,0.8,2000,0,0.00191705,1
0.02,shipped,half,0.9,2000,0,0.00191705,1
0.05,e2,every,0.1,2000,0,0.00191705,265.878
0.05,e2,every,0.2,2000,0,0.00191705,180.402
0.05,e2,every,0.3,2000,0,0.00191705,111.898
0.05,e2,every,0.4,2000,0,0.00191705,61.57
0.05,e2,every,0.5,2000,0,0.00191705,23.183
0.05,e2,every,0.6,2000,0,0.00191705,4.96
0.05,e2,every,0.7,2000,0,0.00191705,1.337
0.05,e2,every,0.8,2000,0,0.00191705,1.023
0.05,e2,every,0.9,2000,0,0.00191705,1.0005
0.05,e2,half,0.1,2000,0,0.00191705,133.208
0.05,e2,half,0.2,2000,0,0.00191705,90.534
0.05,e2,half,0.3,2000,0,0.00191705,56.5085
0.05,e2,half,0.4,2000,0,0.00191705,31.58
0.05,e2,half,0.5,2000,0,0.00191705,12.3205
0.05,e2,half,0.6,2000,0,0.00191705,3.0385
0.05,e2,half,0.7,2000,0,0.00191705,1.197
0.05,e2,half,0.8,2000,0,0.00191705,1.018
0.05,e2,half,0.9,2000,0,0.00191705,1.001
0.05,shipped,every,0.1,2000,0,0.00191705,76.3375
0.05,shipped,every,0.2,2000,0,0.00191705,40.614
0.05,shipped,every,0.3,2000,0,0.00191705,12.6
0.05,shipped,every,0.4,2000,0,0.00191705,1.928
0.05,shipped,every,0.5,2000,0,0.00191705,1.026
0.05,shipped,every,0.6,2000,0,0.00191705,1.0005
0.05,shipped,every,0.7,2000,0,0.00191705,1
0.05,shipped,every,0.8,2000,0,0.00191705,1
0.05,shipped,every,0.9,2000,0,0.00191705,1
0.05,shipped,half,0.1,2000,0,0.00191705,38.426
0.05,shipped,half,0.2,2000,0,0.00191705,20.647
0.05,shipped,half,0.3,2000,0,0.00191705,6.822
0.05,shipped,half,0.4,2000,0,0.00191705,1.486
0.05,shipped,half,0.5,2000,0,0.00191705,1.016
0.05,shipped,half,0.6,2000,0,0.00191705,1.0005
0.05,shipped,half,0.7,2000,0,0.00191705,1
0.05,shipped,half,0.8,2000,0,0.00191705,1
0.05,shipped,half,0.9,2000,0,0.00191705,1
0.1,e2,every,0.1,2000,0,0.00191705,265.878
0.1,e2,every,0.2,2000,0,0.00191705,180.402
0.1,e2,every,0.3,2000,0,0.00191705,111.898
0.1,e2,every,0.4,2000,1,0.00282686,61.57
0.1,e2,every,0.5,2000,1,0.00282686,23.183
0.1,e2,every,0.6,2000,0,0.00191705,4.96
0.1,e2,every,0.7,2000,0,0.00191705,1.337
0.1,e2,every,0.8,2000,0,0.00191705,1.023
0.1,e2,every,0.9,2000,0,0.00191705,1.0005
0.1,e2,half,0.1,2000,0,0.00191705,133.208
0.1,e2,half,0.2,2000,0,0.00191705,90.534
0.1,e2,half,0.3,2000,0,0.00191705,56.5085
0.1,e2,half,0.4,2000,0,0.00191705,31.58
0.1,e2,half,0.5,2000,0,0.00191705,12.3205
0.1,e2,half,0.6,2000,0,0.00191705,3.0385
0.1,e2,half,0.7,2000,0,0.00191705,1.197
0.1,e2,half,0.8,2000,0,0.00191705,1.018
0.1,e2,half,0.9,2000,0,0.00191705,1.001
0.1,shipped,every,0.1,2000,0,0.00191705,76.3375
0.1,shipped,every,0.2,2000,0,0.00191705,40.614
0.1,shipped,every,0.3,2000,0,0.00191705,12.6
0.1,shipped,every,0.4,2000,0,0.00191705,1.928
0.1,shipped,every,0.5,2000,0,0.00191705,1.026
0.1,shipped,every,0.6,2000,0,0.00191705,1.0005
0.1,shipped,every,0.7,2000,0,0.00191705,1
0.1,shipped,every,0.8,2000,0,0.00191705,1
0.1,shipped,every,0.9,2000,0,0.00191705,1
0.1,shipped,half,0.1,2000,0,0.00191705,38.426
0.1,shipped,half,0.2,2000,0,0.00191705,20.647
0.1,shipped,half,0.3,2000,0,0.00191705,6.822
0.1,shipped,half,0.4,2000,1,0.00282686,1.486
0.1,shipped,half,0.5,2000,0,0.00191705,1.016
0.1,shipped,half,0.6,2000,0,0.00191705,1.0005
0.1,shipped,half,0.7,2000,0,0.00191705,1
0.1,shipped,half,0.8,2000,0,0.00191705,1
0.1,shipped,half,0.9,2000,0,0.00191705,1
0.2,e2,every,0.1,2000,0,0.00191705,265.878
0.2,e2,every,0.2,2000,0,0.00191705,180.402
0.2,e2,every,0.3,2000,0,0.00191705,111.898
0.2,e2,every,0.4,2000,2,0.00363893,61.57
0.2,e2,every,0.5,2000,2,0.00363893,23.183
0.2,e2,every,0.6,2000,0,0.00191705,4.96
0.2,e2,every,0.7,2000,0,0.00191705,1.337
0.2,e2,every,0.8,2000,0,0.00191705,1.023
0.2,e2,every,0.9,2000,0,0.00191705,1.0005
0.2,e2,half,0.1,2000,0,0.00191705,133.208
0.2,e2,half,0.2,2000,0,0.00191705,90.534
0.2,e2,half,0.3,2000,0,0.00191705,56.5085
0.2,e2,half,0.4,2000,0,0.00191705,31.58
0.2,e2,half,0.5,2000,0,0.00191705,12.3205
0.2,e2,half,0.6,2000,0,0.00191705,3.0385
0.2,e2,half,0.7,2000,0,0.00191705,1.197
0.2,e2,half,0.8,2000,0,0.00191705,1.018
0.2,e2,half,0.9,2000,0,0.00191705,1.001
0.2,shipped,every,0.1,2000,0,0.00191705,76.3375
0.2,shipped,every,0.2,2000,0,0.00191705,40.614
0.2,shipped,every,0.3,2000,0,0.00191705,12.6
0.2,shipped,every,0.4,2000,0,0.00191705,1.928
0.2,shipped,every,0.5,2000,1,0.00282686,1.026
0.2,shipped,every,0.6,2000,0,0.00191705,1.0005
0.2,shipped,every,0.7,2000,0,0.00191705,1
0.2,shipped,every,0.8,2000,0,0.00191705,1
0.2,shipped,every,0.9,2000,0,0.00191705,1
0.2,shipped,half,0.1,2000,0,0.00191705,38.426
0.2,shipped,half,0.2,2000,0,0.00191705,20.647
0.2,shipped,half,0.3,2000,1,0.00282686,6.822
0.2,shipped,half,0.4,2000,1,0.00282686,1.486
0.2,shipped,half,0.5,2000,0,0.00191705,1.016
0.2,shipped,half,0.6,2000,1,0.00282686,1.0005
0.2,shipped,half,0.7,2000,0,0.00191705,1
0.2,shipped,half,0.8,2000,0,0.00191705,1
0.2,shipped,half,0.9,2000,0,0.00191705,1
