rule,delta,params,door,period,on,flip,runs,median_first_n,never
#seed,40355928,,,,,,,,
single_readout,0.1,e2,p8_4on4off,8,4,0,48,15,0
single_readout,0.1,e2,p4_2on2off,4,2,0,48,13,0
single_readout,0.1,e2,p8_3on5off,8,3,0,48,21,0
single_readout,0.1,e2,p8_4on4off_noisy,8,4,0.1,48,26,0
single_readout,0.1,shipped,p24_12on12off,24,12,0,48,24,0
single_readout,0.1,shipped,p24_12on12off_noisy,24,12,0.1,48,25,0
spending,0.2,e2,p8_4on4off,8,4,0,48,25,0
spending,0.2,e2,p4_2on2off,4,2,0,48,20,0
spending,0.2,e2,p8_3on5off,8,3,0,48,31,0
spending,0.2,e2,p8_4on4off_noisy,8,4,0.1,48,48,0
spending,0.2,shipped,p24_12on12off,24,12,0,48,24,0
spending,0.2,shipped,p24_12on12off_noisy,24,12,0.1,48,40,0
