rule,delta,params,touch,kind,m,cells,ever_64,ever_256,ever_1024,wilson_lo_1024,wilson_hi_1024,labelled,cell_windows,per_window_rate,per_window_ci_hi,mean_lives,mean_lives_reaching_T,bound_delta_x_lives
#seed,40260928,,,,,,,,,,,,,,,,,
single_readout,0.1,e2,every,bernoulli,0.1,2000,0,0,3,0.000510264,0.00440103,9,2.048e+06,4.39453e-06,9.89016e-06,265.898,5.525,-1
single_readout,0.1,e2,every,bernoulli,0.2,2000,6,38,141,0.060085,0.0825618,724,2.048e+06,0.000353516,0.000452377,180.376,22.205,-1
single_readout,0.1,e2,every,bernoulli,0.3,2000,28,163,620,0.290111,0.330617,4604,2.048e+06,0.00224805,0.00253132,112.226,33.894,-1
single_readout,0.1,e2,every,bernoulli,0.4,2000,56,280,953,0.454677,0.498413,9301,2.048e+06,0.0045415,0.00495575,61.643,31.8045,-1
single_readout,0.1,e2,every,bernoulli,0.5,2000,84,228,717,0.337772,0.37977,6983,2.048e+06,0.00340967,0.00379396,23.1135,16.315,-1
single_readout,0.1,e2,every,bernoulli,0.6,2000,52,86,199,0.0871393,0.113396,1639,2.048e+06,0.000800293,0.000962794,5.046,4.32,-1
single_readout,0.1,e2,every,bernoulli,0.7,2000,12,13,16,0.0049303,0.0129561,85,2.048e+06,4.15039e-05,7.1092e-05,1.346,1.2865,-1
single_readout,0.1,e2,every,bernoulli,0.8,2000,3,4,4,0.000778027,0.00513135,25,2.048e+06,1.2207e-05,2.61674e-05,1.027,1.011,-1
single_readout,0.1,e2,every,bernoulli,0.9,2000,0,0,0,1.0842e-19,0.00191705,0,2.048e+06,0,0,1.0005,1,-1
single_readout,0.1,e2,every,constant_occupied,1,2000,0,0,0,1.0842e-19,0.00191705,0,2.048e+06,0,0,1,1,-1
single_readout,0.1,e2,every,constant_free,0,2000,0,0,0,1.0842e-19,0.00191705,0,2.048e+06,0,0,342,0,-1
single_readout,0.1,e2,every,markov,0.5,2000,30,106,349,0.158495,0.191753,1915,2.048e+06,0.000935059,0.00107271,98.4945,22.9495,-1
single_readout,0.1,e2,half,bernoulli,0.1,2000,0,1,3,0.000510264,0.00440103,17,2.048e+06,8.30078e-06,1.9167e-05,133.157,2.794,-1
single_readout,0.1,e2,half,bernoulli,0.2,2000,1,14,77,0.0309143,0.0478551,891,2.048e+06,0.000435059,0.000601423,90.673,11.034,-1
single_readout,0.1,e2,half,bernoulli,0.3,2000,10,81,330,0.149378,0.181907,5125,2.048e+06,0.00250244,0.00292372,56.7655,17.07,-1
single_readout,0.1,e2,half,bernoulli,0.4,2000,16,127,543,0.252461,0.291415,9668,2.048e+06,0.0047207,0.00532344,31.5035,16.0055,-1
single_readout,0.1,e2,half,bernoulli,0.5,2000,19,118,350,0.158975,0.192271,7293,2.048e+06,0.00356104,0.00414083,12.1645,8.569,-1
single_readout,0.1,e2,half,bernoulli,0.6,2000,20,51,96,0.0394669,0.0582661,1677,2.048e+06,0.000818848,0.00106047,3.104,2.632,-1
single_readout,0.1,e2,half,bernoulli,0.7,2000,4,12,12,0.00343559,0.0104584,76,2.048e+06,3.71094e-05,7.37999e-05,1.1845,1.1305,-1
single_readout,0.1,e2,half,bernoulli,0.8,2000,2,6,6,0.00137563,0.00652992,35,2.048e+06,1.70898e-05,3.31759e-05,1.022,1.005,-1
single_readout,0.1,e2,half,bernoulli,0.9,2000,0,0,0,1.0842e-19,0.00191705,0,2.048e+06,0,0,1.002,1,-1
single_readout,0.1,e2,half,constant_occupied,1,2000,0,0,0,1.0842e-19,0.00191705,0,2.048e+06,0,0,1,1,-1
single_readout,0.1,e2,half,constant_free,0,2000,0,0,0,1.0842e-19,0.00191705,0,2.048e+06,0,0,170.886,0,-1
single_readout,0.1,e2,half,markov,0.5,2000,2,24,79,0.0318089,0.0489567,1154,2.048e+06,0.000563477,0.000766365,36.984,12.5535,-1
single_readout,0.1,shipped,every,bernoulli,0.1,2000,0,0,1,8.82677e-05,0.00282686,1,2.048e+06,4.88281e-07,1.44529e-06,76.309,3.7545,-1
single_readout,0.1,shipped,every,bernoulli,0.2,2000,4,17,77,0.0309143,0.0478551,570,2.048e+06,0.00027832,0.000375845,40.568,15.827,-1
single_readout,0.1,shipped,every,bernoulli,0.3,2000,21,59,202,0.0885493,0.11498,1646,2.048e+06,0.000803711,0.000972653,12.4385,9.6155,-1
single_readout,0.1,shipped,every,bernoulli,0.4,2000,37,45,88,0.0358518,0.0538965,711,2.048e+06,0.000347168,0.000469435,1.926,1.808,-1
single_readout,0.1,shipped,every,bernoulli,0.5,2000,64,66,67,0.0264653,0.0423233,612,2.048e+06,0.000298828,0.000405013,1.0275,1.019,-1
single_readout,0.1,shipped,every,bernoulli,0.6,2000,39,42,42,0.0155735,0.028263,447,2.048e+06,0.000218262,0.000307943,1,1,-1
single_readout,0.1,shipped,every,bernoulli,0.7,2000,7,9,9,0.00236928,0.00853051,71,2.048e+06,3.4668e-05,7.57349e-05,1,1,-1
single_readout,0.1,shipped,every,bernoulli,0.8,2000,2,2,2,0.000274279,0.00363893,20,2.048e+06,9.76563e-06,2.35647e-05,1,1,-1
single_readout,0.1,shipped,every,bernoulli,0.9,2000,1,1,1,8.82677e-05,0.00282686,16,2.048e+06,7.8125e-06,2.31247e-05,1,1,-1
single_readout,0.1,shipped,every,constant_occupied,1,2000,0,0,0,1.0842e-19,0.00191705,0,2.048e+06,0,0,1,1,-1
single_readout,0.1,shipped,every,constant_free,0,2000,0,0,0,1.0842e-19,0.00191705,0,2.048e+06,0,0,114,0,-1
single_readout,0.1,shipped,every,markov,0.5,2000,1272,1855,1998,0.996361,0.999726,316432,2.048e+06,0.154508,0.157816,15.445,8.025,-1
single_readout,0.1,shipped,half,bernoulli,0.1,2000,0,0,0,1.0842e-19,0.00191705,0,2.048e+06,0,0,38.3595,1.841,-1
single_readout,0.1,shipped,half,bernoulli,0.2,2000,2,16,40,0.0147217,0.0271186,530,2.048e+06,0.000258789,0.000403057,20.7235,7.902,-1
single_readout,0.1,shipped,half,bernoulli,0.3,2000,2,24,102,0.04219,0.0615315,1887,2.048e+06,0.000921387,0.00117704,6.7745,5.111,-1
single_readout,0.1,shipped,half,bernoulli,0.4,2000,8,46,58,0.0225004,0.0373055,760,2.048e+06,0.000371094,0.000514666,1.5075,1.4075,-1
single_readout,0.1,shipped,half,bernoulli,0.5,2000,16,50,50,0.0190144,0.0328068,768,2.048e+06,0.000375,0.000524034,1.0185,1.0115,-1
single_readout,0.1,shipped,half,bernoulli,0.6,2000,18,52,52,0.0198821,0.0339353,945,2.048e+06,0.000461426,0.000653179,1.0015,1,-1
single_readout,0.1,shipped,half,bernoulli,0.7,2000,6,18,18,0.0057005,0.014182,384,2.048e+06,0.0001875,0.000330353,1,1,-1
single_readout,0.1,shipped,half,bernoulli,0.8,2000,3,4,4,0.000778027,0.00513135,30,2.048e+06,1.46484e-05,3.07106e-05,1,1,-1
single_readout,0.1,shipped,half,bernoulli,0.9,2000,0,0,0,1.0842e-19,0.00191705,0,2.048e+06,0,0,1,1,-1
single_readout,0.1,shipped,half,constant_occupied,1,2000,0,0,0,1.0842e-19,0.00191705,0,2.048e+06,0,0,1,1,-1
single_readout,0.1,shipped,half,constant_free,0,2000,0,0,0,1.0842e-19,0.00191705,0,2.048e+06,0,0,57.3195,0,-1
single_readout,0.1,shipped,half,markov,0.5,2000,268,756,1331,0.644522,0.685843,74973,2.048e+06,0.0366079,0.0388593,4.528,3.1285,-1
spending,0.2,e2,every,bernoulli,0.1,2000,0,0,0,1.0842e-19,0.00191705,0,2.048e+06,0,0,265.898,5.525,1
spending,0.2,e2,every,bernoulli,0.2,2000,0,0,0,1.0842e-19,0.00191705,0,2.048e+06,0,0,180.376,22.205,1
spending,0.2,e2,every,bernoulli,0.3,2000,0,0,0,1.0842e-19,0.00191705,0,2.048e+06,0,0,112.226,33.894,1
spending,0.2,e2,every,bernoulli,0.4,2000,0,0,2,0.000274279,0.00363893,6,2.048e+06,2.92969e-06,7.80905e-06,61.643,31.8045,1
spending,0.2,e2,every,bernoulli,0.5,2000,0,1,2,0.000274279,0.00363893,8,2.048e+06,3.90625e-06,9.95803e-06,23.1135,16.315,1
spending,0.2,e2,every,bernoulli,0.6,2000,0,0,0,1.0842e-19,0.00191705,0,2.048e+06,0,0,5.046,4.32,1
spending,0.2,e2,every,bernoulli,0.7,2000,0,0,0,1.0842e-19,0.00191705,0,2.048e+06,0,0,1.346,1.2865,0.2692
spending,0.2,e2,every,bernoulli,0.8,2000,0,0,0,1.0842e-19,0.00191705,0,2.048e+06,0,0,1.027,1.011,0.2054
spending,0.2,e2,every,bernoulli,0.9,2000,0,0,0,1.0842e-19,0.00191705,0,2.048e+06,0,0,1.0005,1,0.2001
spending,0.2,e2,every,constant_occupied,1,2000,0,0,0,1.0842e-19,0.00191705,0,2.048e+06,0,0,1,1,0.2
spending,0.2,e2,every,constant_free,0,2000,0,0,0,1.0842e-19,0.00191705,0,2.048e+06,0,0,342,0,1
spending,0.2,e2,every,markov,0.5,2000,0,0,2,0.000274279,0.00363893,4,2.048e+06,1.95313e-06,4.97901e-06,98.4945,22.9495,1
spending,0.2,e2,half,bernoulli,0.1,2000,0,0,0,1.0842e-19,0.00191705,0,2.048e+06,0,0,133.157,2.794,1
spending,0.2,e2,half,bernoulli,0.2,2000,0,0,0,1.0842e-19,0.00191705,0,2.048e+06,0,0,90.673,11.034,1
spending,0.2,e2,half,bernoulli,0.3,2000,0,0,0,1.0842e-19,0.00191705,0,2.048e+06,0,0,56.7655,17.07,1
spending,0.2,e2,half,bernoulli,0.4,2000,0,0,2,0.000274279,0.00363893,8,2.048e+06,3.90625e-06,9.48532e-06,31.5035,16.0055,1
spending,0.2,e2,half,bernoulli,0.5,2000,0,0,1,8.82677e-05,0.00282686,2,2.048e+06,9.76563e-07,2.89059e-06,12.1645,8.569,1
spending,0.2,e2,half,bernoulli,0.6,2000,0,0,0,1.0842e-19,0.00191705,0,2.048e+06,0,0,3.104,2.632,0.6208
spending,0.2,e2,half,bernoulli,0.7,2000,0,0,0,1.0842e-19,0.00191705,0,2.048e+06,0,0,1.1845,1.1305,0.2369
spending,0.2,e2,half,bernoulli,0.8,2000,0,0,0,1.0842e-19,0.00191705,0,2.048e+06,0,0,1.022,1.005,0.2044
spending,0.2,e2,half,bernoulli,0.9,2000,0,0,0,1.0842e-19,0.00191705,0,2.048e+06,0,0,1.002,1,0.2004
spending,0.2,e2,half,constant_occupied,1,2000,0,0,0,1.0842e-19,0.00191705,0,2.048e+06,0,0,1,1,0.2
spending,0.2,e2,half,constant_free,0,2000,0,0,0,1.0842e-19,0.00191705,0,2.048e+06,0,0,170.886,0,1
spending,0.2,e2,half,markov,0.5,2000,0,0,0,1.0842e-19,0.00191705,0,2.048e+06,0,0,36.984,12.5535,1
spending,0.2,shipped,every,bernoulli,0.1,2000,0,0,0,1.0842e-19,0.00191705,0,2.048e+06,0,0,76.309,3.7545,1
spending,0.2,shipped,every,bernoulli,0.2,2000,0,0,0,1.0842e-19,0.00191705,0,2.048e+06,0,0,40.568,15.827,1
spending,0.2,shipped,every,bernoulli,0.3,2000,0,0,0,1.0842e-19,0.00191705,0,2.048e+06,0,0,12.4385,9.6155,1
spending,0.2,shipped,every,bernoulli,0.4,2000,2,2,2,0.000274279,0.00363893,2,2.048e+06,9.76563e-07,2.32965e-06,1.926,1.808,0.3852
spending,0.2,shipped,every,bernoulli,0.5,2000,0,0,0,1.0842e-19,0.00191705,0,2.048e+06,0,0,1.0275,1.019,0.2055
spending,0.2,shipped,every,bernoulli,0.6,2000,0,0,0,1.0842e-19,0.00191705,0,2.048e+06,0,0,1,1,0.2
spending,0.2,shipped,every,bernoulli,0.7,2000,0,0,0,1.0842e-19,0.00191705,0,2.048e+06,0,0,1,1,0.2
spending,0.2,shipped,every,bernoulli,0.8,2000,0,0,0,1.0842e-19,0.00191705,0,2.048e+06,0,0,1,1,0.2
spending,0.2,shipped,every,bernoulli,0.9,2000,0,0,0,1.0842e-19,0.00191705,0,2.048e+06,0,0,1,1,0.2
spending,0.2,shipped,every,constant_occupied,1,2000,0,0,0,1.0842e-19,0.00191705,0,2.048e+06,0,0,1,1,0.2
spending,0.2,shipped,every,constant_free,0,2000,0,0,0,1.0842e-19,0.00191705,0,2.048e+06,0,0,114,0,1
spending,0.2,shipped,every,markov,0.5,2000,547,1193,1908,0.943916,0.962343,119999,2.048e+06,0.0585933,0.0609375,15.445,8.025,1
spending,0.2,shipped,half,bernoulli,0.1,2000,0,0,0,1.0842e-19,0.00191705,0,2.048e+06,0,0,38.3595,1.841,1
spending,0.2,shipped,half,bernoulli,0.2,2000,0,0,0,1.0842e-19,0.00191705,0,2.048e+06,0,0,20.7235,7.902,1
spending,0.2,shipped,half,bernoulli,0.3,2000,0,1,1,8.82677e-05,0.00282686,1,2.048e+06,4.88281e-07,1.44529e-06,6.7745,5.111,1
spending,0.2,shipped,half,bernoulli,0.4,2000,0,0,0,1.0842e-19,0.00191705,0,2.048e+06,0,0,1.5075,1.4075,0.3015
spending,0.2,shipped,half,bernoulli,0.5,2000,1,1,1,8.82677e-05,0.00282686,7,2.048e+06,3.41797e-06,1.01171e-05,1.0185,1.0115,0.2037
spending,0.2,shipped,half,bernoulli,0.6,2000,0,1,1,8.82677e-05,0.00282686,1,2.048e+06,4.88281e-07,1.44529e-06,1.0015,1,0.2003
spending,0.2,shipped,half,bernoulli,0.7,2000,0,0,0,1.0842e-19,0.00191705,0,2.048e+06,0,0,1,1,0.2
spending,0.2,shipped,half,bernoulli,0.8,2000,0,0,0,1.0842e-19,0.00191705,0,2.048e+06,0,0,1,1,0.2
spending,0.2,shipped,half,bernoulli,0.9,2000,0,0,0,1.0842e-19,0.00191705,0,2.048e+06,0,0,1,1,0.2
spending,0.2,shipped,half,constant_occupied,1,2000,0,0,0,1.0842e-19,0.00191705,0,2.048e+06,0,0,1,1,0.2
spending,0.2,shipped,half,constant_free,0,2000,0,0,0,1.0842e-19,0.00191705,0,2.048e+06,0,0,57.3195,0,1
spending,0.2,shipped,half,markov,0.5,2000,51,180,409,0.187398,0.222735,11761,2.048e+06,0.00574268,0.00664398,4.528,3.1285,0.9056
