obs_length,tp,fp,gt_periodic,gt_nonperiodic,tpr,fpr,false_positives,ref_tp,ref_fp,ref_false_positives
#seed,12345,period_windows,8,,,,,,,
8,0,0,3,5,0,0,-,0,0,-
9,0,0,3,5,0,0,-,0,0,-
10,0,0,3,5,0,0,-,0,0,-
11,0,0,3,5,0,0,-,0,0,-
12,0,0,3,5,0,0,-,0,0,-
13,1,0,3,5,0.333333,0,-,1,0,-
14,1,0,3,5,0.333333,0,-,1,0,-
15,2,0,3,5,0.666667,0,-,2,0,-
16,2,0,3,5,0.666667,0,-,2,0,-
17,2,0,3,5,0.666667,0,-,2,0,-
18,2,0,3,5,0.666667,0,-,2,0,-
19,2,0,3,5,0.666667,0,-,2,0,-
20,2,0,3,5,0.666667,0,-,2,0,-
21,2,0,3,5,0.666667,0,-,2,0,-
22,2,0,3,5,0.666667,0,-,2,0,-
23,2,0,3,5,0.666667,0,-,2,0,-
24,2,0,3,5,0.666667,0,-,2,0,-
25,2,0,3,5,0.666667,0,-,2,0,-
26,2,0,3,5,0.666667,0,-,3,0,-
27,2,0,3,5,0.666667,0,-,3,0,-
28,2,0,3,5,0.666667,0,-,3,0,-
29,2,0,3,5,0.666667,0,-,3,1,aperiodic_1
30,2,0,3,5,0.666667,0,-,3,1,aperiodic_1
31,2,0,3,5,0.666667,0,-,3,1,aperiodic_1
32,2,0,3,5,0.666667,0,-,3,0,-
33,2,0,3,5,0.666667,0,-,3,0,-
34,2,0,3,5,0.666667,0,-,3,0,-
35,2,0,3,5,0.666667,0,-,3,0,-
36,2,0,3,5,0.666667,0,-,3,0,-
37,2,0,3,5,0.666667,0,-,3,0,-
38,2,0,3,5,0.666667,0,-,3,0,-
39,2,0,3,5,0.666667,0,-,3,0,-
40,2,0,3,5,0.666667,0,-,3,0,-
41,2,0,3,5,0.666667,0,-,3,0,-
42,2,0,3,5,0.666667,0,-,3,0,-
43,2,0,3,5,0.666667,0,-,3,0,-
44,2,0,3,5,0.666667,0,-,3,0,-
45,2,0,3,5,0.666667,0,-,3,1,aperiodic_1
46,2,0,3,5,0.666667,0,-,3,1,aperiodic_1
47,2,0,3,5,0.666667,0,-,3,1,aperiodic_1
48,2,0,3,5,0.666667,0,-,3,1,aperiodic_1
49,2,0,3,5,0.666667,0,-,3,1,aperiodic_1
50,2,0,3,5,0.666667,0,-,3,1,aperiodic_1
51,2,0,3,5,0.666667,0,-,3,0,-
52,2,0,3,5,0.666667,0,-,3,1,aperiodic_1
53,2,0,3,5,0.666667,0,-,3,1,aperiodic_1
54,2,0,3,5,0.666667,0,-,3,1,aperiodic_1
55,2,0,3,5,0.666667,0,-,3,1,aperiodic_1
56,2,0,3,5,0.666667,0,-,3,1,aperiodic_1
57,2,0,3,5,0.666667,0,-,3,1,aperiodic_1
58,2,0,3,5,0.666667,0,-,3,1,aperiodic_1
59,2,0,3,5,0.666667,0,-,3,1,aperiodic_1
60,2,0,3,5,0.666667,0,-,3,1,aperiodic_1
61,2,0,3,5,0.666667,0,-,3,1,aperiodic_1
62,2,0,3,5,0.666667,0,-,3,1,aperiodic_1
63,2,0,3,5,0.666667,0,-,3,1,aperiodic_1
64,2,0,3,5,0.666667,0,-,3,1,aperiodic_1
65,2,0,3,5,0.666667,0,-,3,1,aperiodic_1
66,2,0,3,5,0.666667,0,-,3,1,aperiodic_1
67,2,0,3,5,0.666667,0,-,3,1,aperiodic_1
68,2,0,3,5,0.666667,0,-,3,0,-
69,2,0,3,5,0.666667,0,-,3,0,-
70,2,0,3,5,0.666667,0,-,3,0,-
71,2,0,3,5,0.666667,0,-,3,0,-
72,2,0,3,5,0.666667,0,-,3,0,-
73,2,0,3,5,0.666667,0,-,3,0,-
74,2,0,3,5,0.666667,0,-,3,0,-
75,2,0,3,5,0.666667,0,-,3,0,-
76,2,0,3,5,0.666667,0,-,3,0,-
77,2,0,3,5,0.666667,0,-,3,0,-
78,2,0,3,5,0.666667,0,-,3,0,-
79,2,0,3,5,0.666667,0,-,3,0,-
80,2,0,3,5,0.666667,0,-,3,0,-
81,2,0,3,5,0.666667,0,-,3,0,-
82,2,0,3,5,0.666667,0,-,3,0,-
83,2,0,3,5,0.666667,0,-,3,0,-
84,2,0,3,5,0.666667,0,-,3,0,-
85,2,0,3,5,0.666667,0,-,3,0,-
86,2,0,3,5,0.666667,0,-,3,0,-
87,2,0,3,5,0.666667,0,-,3,0,-
88,2,0,3,5,0.666667,0,-,3,0,-
89,2,0,3,5,0.666667,0,-,3,0,-
90,2,0,3,5,0.666667,0,-,3,0,-
91,2,0,3,5,0.666667,0,-,3,0,-
92,2,0,3,5,0.666667,0,-,3,0,-
93,2,0,3,5,0.666667,0,-,3,0,-
94,2,0,3,5,0.666667,0,-,3,0,-
95,2,0,3,5,0.666667,0,-,3,0,-
96,2,0,3,5,0.666667,0,-,3,0,-
97,2,0,3,5,0.666667,0,-,3,0,-
98,2,0,3,5,0.666667,0,-,3,0,-
99,2,0,3,5,0.666667,0,-,3,0,-
100,2,0,3,5,0.666667,0,-,3,0,-
