graduate_prob,demote_prob,survival_decay,hysteresis_band,degenerate,final_f1,final_precision,final_recall,pred_static,flicker_transitions
#seed,12345,windows,80,walls,50,occ,0.6,,
0.6,0.3,0.9,0.3,0,1,1,1,50,62
0.6,0.5,0.9,0.1,0,1,1,1,50,110
0.6,0.6,0.9,0,1,1,1,1,50,172
0.6,0.3,0.97,0.3,0,1,1,1,50,58
0.6,0.5,0.97,0.1,0,1,1,1,50,76
0.6,0.6,0.97,0,1,1,1,1,50,96
0.6,0.3,1,0.3,0,1,1,1,50,56
0.6,0.5,1,0.1,0,1,1,1,50,72
0.6,0.6,1,0,1,1,1,1,50,80
0.7,0.3,0.9,0.4,0,1,1,1,50,60
0.7,0.5,0.9,0.2,0,1,1,1,50,96
0.7,0.7,0.9,0,1,0.979592,1,0.96,48,252
0.7,0.3,0.97,0.4,0,1,1,1,50,58
0.7,0.5,0.97,0.2,0,1,1,1,50,70
0.7,0.7,0.97,0,1,1,1,1,50,118
0.7,0.3,1,0.4,0,1,1,1,50,56
0.7,0.5,1,0.2,0,1,1,1,50,66
0.7,0.7,1,0,1,1,1,1,50,90
0.8,0.3,0.9,0.5,0,1,1,1,50,60
0.8,0.5,0.9,0.3,0,1,1,1,50,84
0.8,0.8,0.9,0,1,0.947368,1,0.9,45,345
0.8,0.3,0.97,0.5,0,1,1,1,50,56
0.8,0.5,0.97,0.3,0,1,1,1,50,60
0.8,0.8,0.97,0,1,1,1,1,50,126
0.8,0.3,1,0.5,0,1,1,1,50,56
0.8,0.5,1,0.3,0,1,1,1,50,60
0.8,0.8,1,0,1,1,1,1,50,88
0.9,0.3,0.9,0.6,0,1,1,1,50,58
0.9,0.5,0.9,0.4,0,0.989899,1,0.98,49,73
0.9,0.9,0.9,0,1,0.809524,1,0.68,34,576
0.9,0.3,0.97,0.6,0,1,1,1,50,56
0.9,0.5,0.97,0.4,0,1,1,1,50,58
0.9,0.9,0.97,0,1,1,1,1,50,152
0.9,0.3,1,0.6,0,1,1,1,50,56
0.9,0.5,1,0.4,0,1,1,1,50,56
0.9,0.9,1,0,1,1,1,1,50,124
