obs_length,tp,fp,gt_periodic,gt_nonperiodic,tpr,fpr,false_positives
#seed,12345,period_windows,8,,,,
8,2,1,3,5,0.666667,0.2,aperiodic_0
9,2,2,3,5,0.666667,0.4,aperiodic_0;aperiodic_3
10,2,3,3,5,0.666667,0.6,wall_constant;aperiodic_0;aperiodic_3
11,2,4,3,5,0.666667,0.8,wall_constant;aperiodic_0;aperiodic_2;aperiodic_3
12,2,4,3,5,0.666667,0.8,wall_constant;aperiodic_0;aperiodic_2;aperiodic_3
13,2,3,3,5,0.666667,0.6,wall_constant;aperiodic_0;aperiodic_3
14,2,2,3,5,0.666667,0.4,aperiodic_0;aperiodic_3
15,2,3,3,5,0.666667,0.6,aperiodic_0;aperiodic_1;aperiodic_3
16,2,3,3,5,0.666667,0.6,aperiodic_0;aperiodic_1;aperiodic_3
17,2,2,3,5,0.666667,0.4,aperiodic_0;aperiodic_1
18,2,3,3,5,0.666667,0.6,aperiodic_0;aperiodic_1;aperiodic_3
19,2,3,3,5,0.666667,0.6,aperiodic_0;aperiodic_1;aperiodic_3
20,2,3,3,5,0.666667,0.6,aperiodic_0;aperiodic_1;aperiodic_3
21,2,3,3,5,0.666667,0.6,aperiodic_0;aperiodic_1;aperiodic_3
22,2,3,3,5,0.666667,0.6,aperiodic_0;aperiodic_1;aperiodic_3
23,2,2,3,5,0.666667,0.4,aperiodic_0;aperiodic_1
24,2,2,3,5,0.666667,0.4,aperiodic_0;aperiodic_1
25,2,3,3,5,0.666667,0.6,aperiodic_0;aperiodic_1;aperiodic_3
26,2,3,3,5,0.666667,0.6,aperiodic_0;aperiodic_1;aperiodic_3
27,2,3,3,5,0.666667,0.6,aperiodic_0;aperiodic_1;aperiodic_3
28,2,3,3,5,0.666667,0.6,aperiodic_0;aperiodic_1;aperiodic_3
29,2,3,3,5,0.666667,0.6,aperiodic_0;aperiodic_1;aperiodic_3
30,2,3,3,5,0.666667,0.6,aperiodic_0;aperiodic_1;aperiodic_3
31,2,2,3,5,0.666667,0.4,aperiodic_1;aperiodic_3
32,2,2,3,5,0.666667,0.4,aperiodic_1;aperiodic_3
33,2,2,3,5,0.666667,0.4,aperiodic_1;aperiodic_3
34,2,2,3,5,0.666667,0.4,aperiodic_1;aperiodic_3
35,2,2,3,5,0.666667,0.4,aperiodic_1;aperiodic_3
36,2,2,3,5,0.666667,0.4,aperiodic_1;aperiodic_3
37,2,2,3,5,0.666667,0.4,aperiodic_1;aperiodic_3
38,2,0,3,5,0.666667,0,-
39,2,0,3,5,0.666667,0,-
40,2,1,3,5,0.666667,0.2,aperiodic_1
41,2,2,3,5,0.666667,0.4,aperiodic_1;aperiodic_3
42,2,2,3,5,0.666667,0.4,aperiodic_1;aperiodic_3
43,2,2,3,5,0.666667,0.4,aperiodic_1;aperiodic_3
44,2,2,3,5,0.666667,0.4,aperiodic_1;aperiodic_3
45,2,2,3,5,0.666667,0.4,aperiodic_1;aperiodic_3
46,2,2,3,5,0.666667,0.4,aperiodic_0;aperiodic_1
47,2,2,3,5,0.666667,0.4,aperiodic_0;aperiodic_1
48,2,3,3,5,0.666667,0.6,aperiodic_0;aperiodic_1;aperiodic_3
49,2,2,3,5,0.666667,0.4,aperiodic_0;aperiodic_1
50,2,2,3,5,0.666667,0.4,aperiodic_0;aperiodic_1
51,2,2,3,5,0.666667,0.4,aperiodic_0;aperiodic_1
52,2,2,3,5,0.666667,0.4,aperiodic_0;aperiodic_1
53,2,2,3,5,0.666667,0.4,aperiodic_0;aperiodic_1
54,2,2,3,5,0.666667,0.4,aperiodic_0;aperiodic_1
55,2,2,3,5,0.666667,0.4,aperiodic_0;aperiodic_1
56,2,2,3,5,0.666667,0.4,aperiodic_0;aperiodic_1
57,2,2,3,5,0.666667,0.4,aperiodic_0;aperiodic_1
58,2,2,3,5,0.666667,0.4,aperiodic_0;aperiodic_1
59,2,1,3,5,0.666667,0.2,aperiodic_1
60,2,1,3,5,0.666667,0.2,aperiodic_1
61,2,1,3,5,0.666667,0.2,aperiodic_1
62,2,1,3,5,0.666667,0.2,aperiodic_1
63,2,1,3,5,0.666667,0.2,aperiodic_1
64,2,1,3,5,0.666667,0.2,aperiodic_1
65,2,1,3,5,0.666667,0.2,aperiodic_1
66,2,1,3,5,0.666667,0.2,aperiodic_1
67,2,0,3,5,0.666667,0,-
68,2,0,3,5,0.666667,0,-
69,2,1,3,5,0.666667,0.2,aperiodic_2
70,2,1,3,5,0.666667,0.2,aperiodic_2
71,2,1,3,5,0.666667,0.2,aperiodic_2
72,2,1,3,5,0.666667,0.2,aperiodic_2
73,2,1,3,5,0.666667,0.2,aperiodic_2
74,2,1,3,5,0.666667,0.2,aperiodic_2
75,2,2,3,5,0.666667,0.4,aperiodic_0;aperiodic_2
76,2,2,3,5,0.666667,0.4,aperiodic_0;aperiodic_2
77,2,1,3,5,0.666667,0.2,aperiodic_0
78,2,1,3,5,0.666667,0.2,aperiodic_0
79,2,2,3,5,0.666667,0.4,aperiodic_0;aperiodic_2
80,2,1,3,5,0.666667,0.2,aperiodic_0
81,2,2,3,5,0.666667,0.4,aperiodic_0;aperiodic_2
82,2,3,3,5,0.666667,0.6,aperiodic_0;aperiodic_1;aperiodic_2
83,2,3,3,5,0.666667,0.6,aperiodic_0;aperiodic_1;aperiodic_2
84,2,3,3,5,0.666667,0.6,aperiodic_0;aperiodic_1;aperiodic_2
85,2,3,3,5,0.666667,0.6,aperiodic_0;aperiodic_1;aperiodic_2
86,2,1,3,5,0.666667,0.2,aperiodic_2
87,2,1,3,5,0.666667,0.2,aperiodic_2
88,2,0,3,5,0.666667,0,-
89,2,0,3,5,0.666667,0,-
90,2,0,3,5,0.666667,0,-
91,2,0,3,5,0.666667,0,-
92,2,0,3,5,0.666667,0,-
93,2,0,3,5,0.666667,0,-
94,2,1,3,5,0.666667,0.2,aperiodic_0
95,2,2,3,5,0.666667,0.4,aperiodic_0;aperiodic_3
96,2,2,3,5,0.666667,0.4,aperiodic_0;aperiodic_3
97,2,2,3,5,0.666667,0.4,aperiodic_0;aperiodic_3
98,2,2,3,5,0.666667,0.4,aperiodic_0;aperiodic_3
99,2,2,3,5,0.666667,0.4,aperiodic_0;aperiodic_3
100,2,3,3,5,0.666667,0.6,aperiodic_0;aperiodic_2;aperiodic_3
